"year","sex","age_group","population","source_table","reference_time"
1961,"Female","35-39",110100,"110-01001","Mid-year"
1961,"Female","40-44",96800,"110-01001","Mid-year"
1961,"Female","45-49",82600,"110-01001","Mid-year"
1961,"Female","50-54",69300,"110-01001","Mid-year"
1961,"Female","55-59",53100,"110-01001","Mid-year"
1961,"Female","60-64",43000,"110-01001","Mid-year"
1961,"Female","65-69",30300,"110-01001","Mid-year"
1961,"Female","70-74",20100,"110-01001","Mid-year"
1961,"Female","75-79",10200,"110-01001","Mid-year"
1961,"Female","80-84",5500,"110-01001","Mid-year"
1961,"Female","85+",2000,"110-01001","Mid-year"
1961,"Male","35-39",119100,"110-01001","Mid-year"
1961,"Male","40-44",106900,"110-01001","Mid-year"
1961,"Male","45-49",85100,"110-01001","Mid-year"
1961,"Male","50-54",64600,"110-01001","Mid-year"
1961,"Male","55-59",38000,"110-01001","Mid-year"
1961,"Male","60-64",26800,"110-01001","Mid-year"
1961,"Male","65-69",15300,"110-01001","Mid-year"
1961,"Male","70-74",9600,"110-01001","Mid-year"
1961,"Male","75-79",4100,"110-01001","Mid-year"
1961,"Male","80-84",2200,"110-01001","Mid-year"
1961,"Male","85+",800,"110-01001","Mid-year"
1962,"Female","35-39",113300,"110-01001","Mid-year"
1962,"Female","40-44",99900,"110-01001","Mid-year"
1962,"Female","45-49",85500,"110-01001","Mid-year"
1962,"Female","50-54",72600,"110-01001","Mid-year"
1962,"Female","55-59",55500,"110-01001","Mid-year"
1962,"Female","60-64",45500,"110-01001","Mid-year"
1962,"Female","65-69",32200,"110-01001","Mid-year"
1962,"Female","70-74",21300,"110-01001","Mid-year"
1962,"Female","75-79",11200,"110-01001","Mid-year"
1962,"Female","80-84",5500,"110-01001","Mid-year"
1962,"Female","85+",2600,"110-01001","Mid-year"
1962,"Male","35-39",122800,"110-01001","Mid-year"
1962,"Male","40-44",110600,"110-01001","Mid-year"
1962,"Male","45-49",79200,"110-01001","Mid-year"
1962,"Male","50-54",69400,"110-01001","Mid-year"
1962,"Male","55-59",41500,"110-01001","Mid-year"
1962,"Male","60-64",29100,"110-01001","Mid-year"
1962,"Male","65-69",16400,"110-01001","Mid-year"
1962,"Male","70-74",10100,"110-01001","Mid-year"
1962,"Male","75-79",4600,"110-01001","Mid-year"
1962,"Male","80-84",2100,"110-01001","Mid-year"
1962,"Male","85+",1100,"110-01001","Mid-year"
1963,"Female","35-39",116500,"110-01001","Mid-year"
1963,"Female","40-44",102600,"110-01001","Mid-year"
1963,"Female","45-49",88100,"110-01001","Mid-year"
1963,"Female","50-54",75200,"110-01001","Mid-year"
1963,"Female","55-59",58100,"110-01001","Mid-year"
1963,"Female","60-64",47100,"110-01001","Mid-year"
1963,"Female","65-69",34200,"110-01001","Mid-year"
1963,"Female","70-74",22500,"110-01001","Mid-year"
1963,"Female","75-79",12300,"110-01001","Mid-year"
1963,"Female","80-84",5600,"110-01001","Mid-year"
1963,"Female","85+",3100,"110-01001","Mid-year"
1963,"Male","35-39",126400,"110-01001","Mid-year"
1963,"Male","40-44",113200,"110-01001","Mid-year"
1963,"Male","45-49",93200,"110-01001","Mid-year"
1963,"Male","50-54",73100,"110-01001","Mid-year"
1963,"Male","55-59",45600,"110-01001","Mid-year"
1963,"Male","60-64",30500,"110-01001","Mid-year"
1963,"Male","65-69",17900,"110-01001","Mid-year"
1963,"Male","70-74",10400,"110-01001","Mid-year"
1963,"Male","75-79",5000,"110-01001","Mid-year"
1963,"Male","80-84",2100,"110-01001","Mid-year"
1963,"Male","85+",1200,"110-01001","Mid-year"
1964,"Female","35-39",119500,"110-01001","Mid-year"
1964,"Female","40-44",104700,"110-01001","Mid-year"
1964,"Female","45-49",90600,"110-01001","Mid-year"
1964,"Female","50-54",77300,"110-01001","Mid-year"
1964,"Female","55-59",61100,"110-01001","Mid-year"
1964,"Female","60-64",48200,"110-01001","Mid-year"
1964,"Female","65-69",36500,"110-01001","Mid-year"
1964,"Female","70-74",23600,"110-01001","Mid-year"
1964,"Female","75-79",13600,"110-01001","Mid-year"
1964,"Female","80-84",5800,"110-01001","Mid-year"
1964,"Female","85+",3500,"110-01001","Mid-year"
1964,"Male","35-39",128800,"110-01001","Mid-year"
1964,"Male","40-44",113800,"110-01001","Mid-year"
1964,"Male","45-49",96500,"110-01001","Mid-year"
1964,"Male","50-54",75600,"110-01001","Mid-year"
1964,"Male","55-59",50100,"110-01001","Mid-year"
1964,"Male","60-64",31000,"110-01001","Mid-year"
1964,"Male","65-69",19700,"110-01001","Mid-year"
1964,"Male","70-74",10500,"110-01001","Mid-year"
1964,"Male","75-79",5600,"110-01001","Mid-year"
1964,"Male","80-84",2100,"110-01001","Mid-year"
1964,"Male","85+",1400,"110-01001","Mid-year"
1965,"Female","35-39",122400,"110-01001","Mid-year"
1965,"Female","40-44",106900,"110-01001","Mid-year"
1965,"Female","45-49",93400,"110-01001","Mid-year"
1965,"Female","50-54",79300,"110-01001","Mid-year"
1965,"Female","55-59",64300,"110-01001","Mid-year"
1965,"Female","60-64",49300,"110-01001","Mid-year"
1965,"Female","65-69",38700,"110-01001","Mid-year"
1965,"Female","70-74",24900,"110-01001","Mid-year"
1965,"Female","75-79",14900,"110-01001","Mid-year"
1965,"Female","80-84",6300,"110-01001","Mid-year"
1965,"Female","85+",3900,"110-01001","Mid-year"
1965,"Male","35-39",132400,"110-01001","Mid-year"
1965,"Male","40-44",115700,"110-01001","Mid-year"
1965,"Male","45-49",100600,"110-01001","Mid-year"
1965,"Male","50-54",78500,"110-01001","Mid-year"
1965,"Male","55-59",55400,"110-01001","Mid-year"
1965,"Male","60-64",32000,"110-01001","Mid-year"
1965,"Male","65-69",21600,"110-01001","Mid-year"
1965,"Male","70-74",10900,"110-01001","Mid-year"
1965,"Male","75-79",6100,"110-01001","Mid-year"
1965,"Male","80-84",2100,"110-01001","Mid-year"
1965,"Male","85+",1500,"110-01001","Mid-year"
1966,"Female","35-39",123600,"110-01001","Mid-year"
1966,"Female","40-44",108700,"110-01001","Mid-year"
1966,"Female","45-49",95600,"110-01001","Mid-year"
1966,"Female","50-54",80900,"110-01001","Mid-year"
1966,"Female","55-59",67200,"110-01001","Mid-year"
1966,"Female","60-64",50500,"110-01001","Mid-year"
1966,"Female","65-69",40500,"110-01001","Mid-year"
1966,"Female","70-74",26200,"110-01001","Mid-year"
1966,"Female","75-79",16000,"110-01001","Mid-year"
1966,"Female","80-84",6900,"110-01001","Mid-year"
1966,"Female","85+",4200,"110-01001","Mid-year"
1966,"Male","35-39",130400,"110-01001","Mid-year"
1966,"Male","40-44",113500,"110-01001","Mid-year"
1966,"Male","45-49",101200,"110-01001","Mid-year"
1966,"Male","50-54",79200,"110-01001","Mid-year"
1966,"Male","55-59",58900,"110-01001","Mid-year"
1966,"Male","60-64",32700,"110-01001","Mid-year"
1966,"Male","65-69",22900,"110-01001","Mid-year"
1966,"Male","70-74",11300,"110-01001","Mid-year"
1966,"Male","75-79",6500,"110-01001","Mid-year"
1966,"Male","80-84",2300,"110-01001","Mid-year"
1966,"Male","85+",1500,"110-01001","Mid-year"
1967,"Female","35-39",124800,"110-01001","Mid-year"
1967,"Female","40-44",111800,"110-01001","Mid-year"
1967,"Female","45-49",98400,"110-01001","Mid-year"
1967,"Female","50-54",83400,"110-01001","Mid-year"
1967,"Female","55-59",70100,"110-01001","Mid-year"
1967,"Female","60-64",52600,"110-01001","Mid-year"
1967,"Female","65-69",42200,"110-01001","Mid-year"
1967,"Female","70-74",27900,"110-01001","Mid-year"
1967,"Female","75-79",17000,"110-01001","Mid-year"
1967,"Female","80-84",7700,"110-01001","Mid-year"
1967,"Female","85+",4400,"110-01001","Mid-year"
1967,"Male","35-39",133500,"110-01001","Mid-year"
1967,"Male","40-44",117700,"110-01001","Mid-year"
1967,"Male","45-49",105400,"110-01001","Mid-year"
1967,"Male","50-54",83500,"110-01001","Mid-year"
1967,"Male","55-59",63500,"110-01001","Mid-year"
1967,"Male","60-64",35800,"110-01001","Mid-year"
1967,"Male","65-69",24400,"110-01001","Mid-year"
1967,"Male","70-74",12200,"110-01001","Mid-year"
1967,"Male","75-79",6800,"110-01001","Mid-year"
1967,"Male","80-84",2600,"110-01001","Mid-year"
1967,"Male","85+",1500,"110-01001","Mid-year"
1968,"Female","35-39",124700,"110-01001","Mid-year"
1968,"Female","40-44",115000,"110-01001","Mid-year"
1968,"Female","45-49",101000,"110-01001","Mid-year"
1968,"Female","50-54",85900,"110-01001","Mid-year"
1968,"Female","55-59",72600,"110-01001","Mid-year"
1968,"Female","60-64",55100,"110-01001","Mid-year"
1968,"Female","65-69",43500,"110-01001","Mid-year"
1968,"Female","70-74",29900,"110-01001","Mid-year"
1968,"Female","75-79",18000,"110-01001","Mid-year"
1968,"Female","80-84",8500,"110-01001","Mid-year"
1968,"Female","85+",4600,"110-01001","Mid-year"
1968,"Male","35-39",134400,"110-01001","Mid-year"
1968,"Male","40-44",121600,"110-01001","Mid-year"
1968,"Male","45-49",108300,"110-01001","Mid-year"
1968,"Male","50-54",87700,"110-01001","Mid-year"
1968,"Male","55-59",67100,"110-01001","Mid-year"
1968,"Male","60-64",39800,"110-01001","Mid-year"
1968,"Male","65-69",25300,"110-01001","Mid-year"
1968,"Male","70-74",13500,"110-01001","Mid-year"
1968,"Male","75-79",6900,"110-01001","Mid-year"
1968,"Male","80-84",2900,"110-01001","Mid-year"
1968,"Male","85+",1600,"110-01001","Mid-year"
1969,"Female","35-39",123200,"110-01001","Mid-year"
1969,"Female","40-44",118200,"110-01001","Mid-year"
1969,"Female","45-49",103100,"110-01001","Mid-year"
1969,"Female","50-54",88500,"110-01001","Mid-year"
1969,"Female","55-59",74600,"110-01001","Mid-year"
1969,"Female","60-64",57900,"110-01001","Mid-year"
1969,"Female","65-69",44500,"110-01001","Mid-year"
1969,"Female","70-74",32000,"110-01001","Mid-year"
1969,"Female","75-79",19000,"110-01001","Mid-year"
1969,"Female","80-84",9500,"110-01001","Mid-year"
1969,"Female","85+",4900,"110-01001","Mid-year"
1969,"Male","35-39",132900,"110-01001","Mid-year"
1969,"Male","40-44",124700,"110-01001","Mid-year"
1969,"Male","45-49",109600,"110-01001","Mid-year"
1969,"Male","50-54",91400,"110-01001","Mid-year"
1969,"Male","55-59",69800,"110-01001","Mid-year"
1969,"Male","60-64",44300,"110-01001","Mid-year"
1969,"Male","65-69",25800,"110-01001","Mid-year"
1969,"Male","70-74",15100,"110-01001","Mid-year"
1969,"Male","75-79",6900,"110-01001","Mid-year"
1969,"Male","80-84",3300,"110-01001","Mid-year"
1969,"Male","85+",1600,"110-01001","Mid-year"
1970,"Female","35-39",121400,"110-01001","Mid-year"
1970,"Female","40-44",121400,"110-01001","Mid-year"
1970,"Female","45-49",105700,"110-01001","Mid-year"
1970,"Female","50-54",91600,"110-01001","Mid-year"
1970,"Female","55-59",76700,"110-01001","Mid-year"
1970,"Female","60-64",61200,"110-01001","Mid-year"
1970,"Female","65-69",45700,"110-01001","Mid-year"
1970,"Female","70-74",34100,"110-01001","Mid-year"
1970,"Female","75-79",20100,"110-01001","Mid-year"
1970,"Female","80-84",10500,"110-01001","Mid-year"
1970,"Female","85+",5300,"110-01001","Mid-year"
1970,"Male","35-39",133900,"110-01001","Mid-year"
1970,"Male","40-44",130700,"110-01001","Mid-year"
1970,"Male","45-49",113100,"110-01001","Mid-year"
1970,"Male","50-54",96800,"110-01001","Mid-year"
1970,"Male","55-59",73300,"110-01001","Mid-year"
1970,"Male","60-64",49700,"110-01001","Mid-year"
1970,"Male","65-69",26700,"110-01001","Mid-year"
1970,"Male","70-74",16900,"110-01001","Mid-year"
1970,"Male","75-79",7100,"110-01001","Mid-year"
1970,"Male","80-84",3600,"110-01001","Mid-year"
1970,"Male","85+",1700,"110-01001","Mid-year"
1971,"Female","35-39",118300,"110-01001","Mid-year"
1971,"Female","40-44",123800,"110-01001","Mid-year"
1971,"Female","45-49",108400,"110-01001","Mid-year"
1971,"Female","50-54",94600,"110-01001","Mid-year"
1971,"Female","55-59",78900,"110-01001","Mid-year"
1971,"Female","60-64",64300,"110-01001","Mid-year"
1971,"Female","65-69",47200,"110-01001","Mid-year"
1971,"Female","70-74",36100,"110-01001","Mid-year"
1971,"Female","75-79",21500,"110-01001","Mid-year"
1971,"Female","80-84",11400,"110-01001","Mid-year"
1971,"Female","85+",6000,"110-01001","Mid-year"
1971,"Male","35-39",133100,"110-01001","Mid-year"
1971,"Male","40-44",134900,"110-01001","Mid-year"
1971,"Male","45-49",116200,"110-01001","Mid-year"
1971,"Male","50-54",101300,"110-01001","Mid-year"
1971,"Male","55-59",76700,"110-01001","Mid-year"
1971,"Male","60-64",54700,"110-01001","Mid-year"
1971,"Male","65-69",28400,"110-01001","Mid-year"
1971,"Male","70-74",18400,"110-01001","Mid-year"
1971,"Male","75-79",7600,"110-01001","Mid-year"
1971,"Male","80-84",3900,"110-01001","Mid-year"
1971,"Male","85+",1800,"110-01001","Mid-year"
1972,"Female","35-39",114300,"110-01001","Mid-year"
1972,"Female","40-44",124600,"110-01001","Mid-year"
1972,"Female","45-49",111700,"110-01001","Mid-year"
1972,"Female","50-54",97300,"110-01001","Mid-year"
1972,"Female","55-59",81500,"110-01001","Mid-year"
1972,"Female","60-64",66900,"110-01001","Mid-year"
1972,"Female","65-69",49300,"110-01001","Mid-year"
1972,"Female","70-74",37600,"110-01001","Mid-year"
1972,"Female","75-79",23000,"110-01001","Mid-year"
1972,"Female","80-84",12100,"110-01001","Mid-year"
1972,"Female","85+",6600,"110-01001","Mid-year"
1972,"Male","35-39",131000,"110-01001","Mid-year"
1972,"Male","40-44",136500,"110-01001","Mid-year"
1972,"Male","45-49",119800,"110-01001","Mid-year"
1972,"Male","50-54",104400,"110-01001","Mid-year"
1972,"Male","55-59",80900,"110-01001","Mid-year"
1972,"Male","60-64",58200,"110-01001","Mid-year"
1972,"Male","65-69",31100,"110-01001","Mid-year"
1972,"Male","70-74",19400,"110-01001","Mid-year"
1972,"Male","75-79",8500,"110-01001","Mid-year"
1972,"Male","80-84",4000,"110-01001","Mid-year"
1972,"Male","85+",2000,"110-01001","Mid-year"
1973,"Female","35-39",112000,"110-01001","Mid-year"
1973,"Female","40-44",124500,"110-01001","Mid-year"
1973,"Female","45-49",116500,"110-01001","Mid-year"
1973,"Female","50-54",101200,"110-01001","Mid-year"
1973,"Female","55-59",85000,"110-01001","Mid-year"
1973,"Female","60-64",70000,"110-01001","Mid-year"
1973,"Female","65-69",52300,"110-01001","Mid-year"
1973,"Female","70-74",39800,"110-01001","Mid-year"
1973,"Female","75-79",25000,"110-01001","Mid-year"
1973,"Female","80-84",13200,"110-01001","Mid-year"
1973,"Female","85+",7400,"110-01001","Mid-year"
1973,"Male","35-39",130900,"110-01001","Mid-year"
1973,"Male","40-44",137000,"110-01001","Mid-year"
1973,"Male","45-49",124900,"110-01001","Mid-year"
1973,"Male","50-54",107900,"110-01001","Mid-year"
1973,"Male","55-59",85700,"110-01001","Mid-year"
1973,"Male","60-64",62400,"110-01001","Mid-year"
1973,"Male","65-69",34700,"110-01001","Mid-year"
1973,"Male","70-74",20600,"110-01001","Mid-year"
1973,"Male","75-79",9900,"110-01001","Mid-year"
1973,"Male","80-84",4200,"110-01001","Mid-year"
1973,"Male","85+",2200,"110-01001","Mid-year"
1974,"Female","35-39",112000,"110-01001","Mid-year"
1974,"Female","40-44",123500,"110-01001","Mid-year"
1974,"Female","45-49",121500,"110-01001","Mid-year"
1974,"Female","50-54",106500,"110-01001","Mid-year"
1974,"Female","55-59",88900,"110-01001","Mid-year"
1974,"Female","60-64",73900,"110-01001","Mid-year"
1974,"Female","65-69",55100,"110-01001","Mid-year"
1974,"Female","70-74",43000,"110-01001","Mid-year"
1974,"Female","75-79",27000,"110-01001","Mid-year"
1974,"Female","80-84",14400,"110-01001","Mid-year"
1974,"Female","85+",8100,"110-01001","Mid-year"
1974,"Male","35-39",132100,"110-01001","Mid-year"
1974,"Male","40-44",137300,"110-01001","Mid-year"
1974,"Male","45-49",129400,"110-01001","Mid-year"
1974,"Male","50-54",112100,"110-01001","Mid-year"
1974,"Male","55-59",89900,"110-01001","Mid-year"
1974,"Male","60-64",67700,"110-01001","Mid-year"
1974,"Male","65-69",38300,"110-01001","Mid-year"
1974,"Male","70-74",22300,"110-01001","Mid-year"
1974,"Male","75-79",11400,"110-01001","Mid-year"
1974,"Male","80-84",4700,"110-01001","Mid-year"
1974,"Male","85+",2400,"110-01001","Mid-year"
1975,"Female","35-39",108300,"110-01001","Mid-year"
1975,"Female","40-44",121600,"110-01001","Mid-year"
1975,"Female","45-49",122900,"110-01001","Mid-year"
1975,"Female","50-54",109800,"110-01001","Mid-year"
1975,"Female","55-59",91300,"110-01001","Mid-year"
1975,"Female","60-64",76700,"110-01001","Mid-year"
1975,"Female","65-69",56200,"110-01001","Mid-year"
1975,"Female","70-74",44700,"110-01001","Mid-year"
1975,"Female","75-79",27900,"110-01001","Mid-year"
1975,"Female","80-84",14500,"110-01001","Mid-year"
1975,"Female","85+",9000,"110-01001","Mid-year"
1975,"Male","35-39",132200,"110-01001","Mid-year"
1975,"Male","40-44",137700,"110-01001","Mid-year"
1975,"Male","45-49",132200,"110-01001","Mid-year"
1975,"Male","50-54",116400,"110-01001","Mid-year"
1975,"Male","55-59",92900,"110-01001","Mid-year"
1975,"Male","60-64",72800,"110-01001","Mid-year"
1975,"Male","65-69",40900,"110-01001","Mid-year"
1975,"Male","70-74",23800,"110-01001","Mid-year"
1975,"Male","75-79",12300,"110-01001","Mid-year"
1975,"Male","80-84",4900,"110-01001","Mid-year"
1975,"Male","85+",2700,"110-01001","Mid-year"
1976,"Female","35-39",103600,"110-01001","Mid-year"
1976,"Female","40-44",119400,"110-01001","Mid-year"
1976,"Female","45-49",123300,"110-01001","Mid-year"
1976,"Female","50-54",112800,"110-01001","Mid-year"
1976,"Female","55-59",93800,"110-01001","Mid-year"
1976,"Female","60-64",79000,"110-01001","Mid-year"
1976,"Female","65-69",57500,"110-01001","Mid-year"
1976,"Female","70-74",45900,"110-01001","Mid-year"
1976,"Female","75-79",28900,"110-01001","Mid-year"
1976,"Female","80-84",15200,"110-01001","Mid-year"
1976,"Female","85+",9100,"110-01001","Mid-year"
1976,"Male","35-39",129300,"110-01001","Mid-year"
1976,"Male","40-44",137900,"110-01001","Mid-year"
1976,"Male","45-49",134000,"110-01001","Mid-year"
1976,"Male","50-54",119700,"110-01001","Mid-year"
1976,"Male","55-59",95800,"110-01001","Mid-year"
1976,"Male","60-64",76400,"110-01001","Mid-year"
1976,"Male","65-69",43400,"110-01001","Mid-year"
1976,"Male","70-74",24600,"110-01001","Mid-year"
1976,"Male","75-79",12500,"110-01001","Mid-year"
1976,"Male","80-84",5000,"110-01001","Mid-year"
1976,"Male","85+",2400,"110-01001","Mid-year"
1977,"Female","35-39",97300,"110-01001","Mid-year"
1977,"Female","40-44",118200,"110-01001","Mid-year"
1977,"Female","45-49",123600,"110-01001","Mid-year"
1977,"Female","50-54",115400,"110-01001","Mid-year"
1977,"Female","55-59",97100,"110-01001","Mid-year"
1977,"Female","60-64",81300,"110-01001","Mid-year"
1977,"Female","65-69",60900,"110-01001","Mid-year"
1977,"Female","70-74",46400,"110-01001","Mid-year"
1977,"Female","75-79",31200,"110-01001","Mid-year"
1977,"Female","80-84",16100,"110-01001","Mid-year"
1977,"Female","85+",9800,"110-01001","Mid-year"
1977,"Male","35-39",123600,"110-01001","Mid-year"
1977,"Male","40-44",137500,"110-01001","Mid-year"
1977,"Male","45-49",134700,"110-01001","Mid-year"
1977,"Male","50-54",122000,"110-01001","Mid-year"
1977,"Male","55-59",99800,"110-01001","Mid-year"
1977,"Male","60-64",78500,"110-01001","Mid-year"
1977,"Male","65-69",48700,"110-01001","Mid-year"
1977,"Male","70-74",26600,"110-01001","Mid-year"
1977,"Male","75-79",13600,"110-01001","Mid-year"
1977,"Male","80-84",5200,"110-01001","Mid-year"
1977,"Male","85+",2600,"110-01001","Mid-year"
1978,"Female","35-39",92300,"110-01001","Mid-year"
1978,"Female","40-44",116900,"110-01001","Mid-year"
1978,"Female","45-49",123300,"110-01001","Mid-year"
1978,"Female","50-54",117600,"110-01001","Mid-year"
1978,"Female","55-59",100600,"110-01001","Mid-year"
1978,"Female","60-64",83900,"110-01001","Mid-year"
1978,"Female","65-69",65900,"110-01001","Mid-year"
1978,"Female","70-74",47700,"110-01001","Mid-year"
1978,"Female","75-79",33600,"110-01001","Mid-year"
1978,"Female","80-84",17300,"110-01001","Mid-year"
1978,"Female","85+",10700,"110-01001","Mid-year"
1978,"Male","35-39",118900,"110-01001","Mid-year"
1978,"Male","40-44",137600,"110-01001","Mid-year"
1978,"Male","45-49",136300,"110-01001","Mid-year"
1978,"Male","50-54",124400,"110-01001","Mid-year"
1978,"Male","55-59",104000,"110-01001","Mid-year"
1978,"Male","60-64",81700,"110-01001","Mid-year"
1978,"Male","65-69",53700,"110-01001","Mid-year"
1978,"Male","70-74",29100,"110-01001","Mid-year"
1978,"Male","75-79",15100,"110-01001","Mid-year"
1978,"Male","80-84",5800,"110-01001","Mid-year"
1978,"Male","85+",2700,"110-01001","Mid-year"
1979,"Female","35-39",95500,"110-01001","Mid-year"
1979,"Female","40-44",117400,"110-01001","Mid-year"
1979,"Female","45-49",125000,"110-01001","Mid-year"
1979,"Female","50-54",120700,"110-01001","Mid-year"
1979,"Female","55-59",103900,"110-01001","Mid-year"
1979,"Female","60-64",87900,"110-01001","Mid-year"
1979,"Female","65-69",70800,"110-01001","Mid-year"
1979,"Female","70-74",51000,"110-01001","Mid-year"
1979,"Female","75-79",35200,"110-01001","Mid-year"
1979,"Female","80-84",18800,"110-01001","Mid-year"
1979,"Female","85+",11600,"110-01001","Mid-year"
1979,"Male","35-39",125600,"110-01001","Mid-year"
1979,"Male","40-44",144100,"110-01001","Mid-year"
1979,"Male","45-49",143200,"110-01001","Mid-year"
1979,"Male","50-54",131200,"110-01001","Mid-year"
1979,"Male","55-59",108800,"110-01001","Mid-year"
1979,"Male","60-64",85600,"110-01001","Mid-year"
1979,"Male","65-69",59600,"110-01001","Mid-year"
1979,"Male","70-74",33200,"110-01001","Mid-year"
1979,"Male","75-79",16400,"110-01001","Mid-year"
1979,"Male","80-84",6600,"110-01001","Mid-year"
1979,"Male","85+",2900,"110-01001","Mid-year"
1980,"Female","35-39",99200,"110-01001","Mid-year"
1980,"Female","40-44",115500,"110-01001","Mid-year"
1980,"Female","45-49",124600,"110-01001","Mid-year"
1980,"Female","50-54",123000,"110-01001","Mid-year"
1980,"Female","55-59",105800,"110-01001","Mid-year"
1980,"Female","60-64",90700,"110-01001","Mid-year"
1980,"Female","65-69",73400,"110-01001","Mid-year"
1980,"Female","70-74",53900,"110-01001","Mid-year"
1980,"Female","75-79",36900,"110-01001","Mid-year"
1980,"Female","80-84",19900,"110-01001","Mid-year"
1980,"Female","85+",12500,"110-01001","Mid-year"
1980,"Male","35-39",132000,"110-01001","Mid-year"
1980,"Male","40-44",145400,"110-01001","Mid-year"
1980,"Male","45-49",145300,"110-01001","Mid-year"
1980,"Male","50-54",137200,"110-01001","Mid-year"
1980,"Male","55-59",111000,"110-01001","Mid-year"
1980,"Male","60-64",90300,"110-01001","Mid-year"
1980,"Male","65-69",64100,"110-01001","Mid-year"
1980,"Male","70-74",36200,"110-01001","Mid-year"
1980,"Male","75-79",17700,"110-01001","Mid-year"
1980,"Male","80-84",7400,"110-01001","Mid-year"
1980,"Male","85+",3100,"110-01001","Mid-year"
1981,"Female","35-39",108600,"110-01001","Mid-year"
1981,"Female","40-44",113300,"110-01001","Mid-year"
1981,"Female","45-49",123600,"110-01001","Mid-year"
1981,"Female","50-54",124600,"110-01001","Mid-year"
1981,"Female","55-59",107400,"110-01001","Mid-year"
1981,"Female","60-64",93300,"110-01001","Mid-year"
1981,"Female","65-69",76300,"110-01001","Mid-year"
1981,"Female","70-74",57000,"110-01001","Mid-year"
1981,"Female","75-79",37300,"110-01001","Mid-year"
1981,"Female","80-84",21700,"110-01001","Mid-year"
1981,"Female","85+",12900,"110-01001","Mid-year"
1981,"Male","35-39",142800,"110-01001","Mid-year"
1981,"Male","40-44",146100,"110-01001","Mid-year"
1981,"Male","45-49",147100,"110-01001","Mid-year"
1981,"Male","50-54",141300,"110-01001","Mid-year"
1981,"Male","55-59",114100,"110-01001","Mid-year"
1981,"Male","60-64",94000,"110-01001","Mid-year"
1981,"Male","65-69",68200,"110-01001","Mid-year"
1981,"Male","70-74",39900,"110-01001","Mid-year"
1981,"Male","75-79",19300,"110-01001","Mid-year"
1981,"Male","80-84",8200,"110-01001","Mid-year"
1981,"Male","85+",3500,"110-01001","Mid-year"
1982,"Female","35-39",123300,"110-01001","Mid-year"
1982,"Female","40-44",110700,"110-01001","Mid-year"
1982,"Female","45-49",123800,"110-01001","Mid-year"
1982,"Female","50-54",125600,"110-01001","Mid-year"
1982,"Female","55-59",111500,"110-01001","Mid-year"
1982,"Female","60-64",95400,"110-01001","Mid-year"
1982,"Female","65-69",78700,"110-01001","Mid-year"
1982,"Female","70-74",58700,"110-01001","Mid-year"
1982,"Female","75-79",39000,"110-01001","Mid-year"
1982,"Female","80-84",22300,"110-01001","Mid-year"
1982,"Female","85+",13700,"110-01001","Mid-year"
1982,"Male","35-39",157200,"110-01001","Mid-year"
1982,"Male","40-44",141800,"110-01001","Mid-year"
1982,"Male","45-49",148500,"110-01001","Mid-year"
1982,"Male","50-54",142600,"110-01001","Mid-year"
1982,"Male","55-59",118600,"110-01001","Mid-year"
1982,"Male","60-64",95500,"110-01001","Mid-year"
1982,"Male","65-69",71300,"110-01001","Mid-year"
1982,"Male","70-74",42700,"110-01001","Mid-year"
1982,"Male","75-79",20800,"110-01001","Mid-year"
1982,"Male","80-84",8400,"110-01001","Mid-year"
1982,"Male","85+",3700,"110-01001","Mid-year"
1983,"Female","35-39",142200,"110-01001","Mid-year"
1983,"Female","40-44",107700,"110-01001","Mid-year"
1983,"Female","45-49",123800,"110-01001","Mid-year"
1983,"Female","50-54",126400,"110-01001","Mid-year"
1983,"Female","55-59",115100,"110-01001","Mid-year"
1983,"Female","60-64",97600,"110-01001","Mid-year"
1983,"Female","65-69",80900,"110-01001","Mid-year"
1983,"Female","70-74",60700,"110-01001","Mid-year"
1983,"Female","75-79",40500,"110-01001","Mid-year"
1983,"Female","80-84",23200,"110-01001","Mid-year"
1983,"Female","85+",14700,"110-01001","Mid-year"
1983,"Male","35-39",175800,"110-01001","Mid-year"
1983,"Male","40-44",136800,"110-01001","Mid-year"
1983,"Male","45-49",149300,"110-01001","Mid-year"
1983,"Male","50-54",144200,"110-01001","Mid-year"
1983,"Male","55-59",123300,"110-01001","Mid-year"
1983,"Male","60-64",97700,"110-01001","Mid-year"
1983,"Male","65-69",73800,"110-01001","Mid-year"
1983,"Male","70-74",45700,"110-01001","Mid-year"
1983,"Male","75-79",22200,"110-01001","Mid-year"
1983,"Male","80-84",8900,"110-01001","Mid-year"
1983,"Male","85+",4000,"110-01001","Mid-year"
1984,"Female","35-39",161800,"110-01001","Mid-year"
1984,"Female","40-44",105500,"110-01001","Mid-year"
1984,"Female","45-49",122300,"110-01001","Mid-year"
1984,"Female","50-54",126500,"110-01001","Mid-year"
1984,"Female","55-59",118000,"110-01001","Mid-year"
1984,"Female","60-64",100100,"110-01001","Mid-year"
1984,"Female","65-69",82400,"110-01001","Mid-year"
1984,"Female","70-74",63200,"110-01001","Mid-year"
1984,"Female","75-79",41300,"110-01001","Mid-year"
1984,"Female","80-84",24700,"110-01001","Mid-year"
1984,"Female","85+",15900,"110-01001","Mid-year"
1984,"Male","35-39",193800,"110-01001","Mid-year"
1984,"Male","40-44",133200,"110-01001","Mid-year"
1984,"Male","45-49",147600,"110-01001","Mid-year"
1984,"Male","50-54",145200,"110-01001","Mid-year"
1984,"Male","55-59",127100,"110-01001","Mid-year"
1984,"Male","60-64",100200,"110-01001","Mid-year"
1984,"Male","65-69",75800,"110-01001","Mid-year"
1984,"Male","70-74",48900,"110-01001","Mid-year"
1984,"Male","75-79",23500,"110-01001","Mid-year"
1984,"Male","80-84",9600,"110-01001","Mid-year"
1984,"Male","85+",4300,"110-01001","Mid-year"
1985,"Female","35-39",180500,"110-01001","Mid-year"
1985,"Female","40-44",107000,"110-01001","Mid-year"
1985,"Female","45-49",120500,"110-01001","Mid-year"
1985,"Female","50-54",126400,"110-01001","Mid-year"
1985,"Female","55-59",120100,"110-01001","Mid-year"
1985,"Female","60-64",103700,"110-01001","Mid-year"
1985,"Female","65-69",83800,"110-01001","Mid-year"
1985,"Female","70-74",66200,"110-01001","Mid-year"
1985,"Female","75-79",42200,"110-01001","Mid-year"
1985,"Female","80-84",26400,"110-01001","Mid-year"
1985,"Female","85+",17300,"110-01001","Mid-year"
1985,"Male","35-39",210600,"110-01001","Mid-year"
1985,"Male","40-44",134200,"110-01001","Mid-year"
1985,"Male","45-49",145400,"110-01001","Mid-year"
1985,"Male","50-54",146600,"110-01001","Mid-year"
1985,"Male","55-59",129800,"110-01001","Mid-year"
1985,"Male","60-64",104100,"110-01001","Mid-year"
1985,"Male","65-69",77700,"110-01001","Mid-year"
1985,"Male","70-74",52500,"110-01001","Mid-year"
1985,"Male","75-79",25000,"110-01001","Mid-year"
1985,"Male","80-84",10700,"110-01001","Mid-year"
1985,"Male","85+",4600,"110-01001","Mid-year"
1986,"Female","35-39",196500,"110-01001","Mid-year"
1986,"Female","40-44",114100,"110-01001","Mid-year"
1986,"Female","45-49",117500,"110-01001","Mid-year"
1986,"Female","50-54",126900,"110-01001","Mid-year"
1986,"Female","55-59",121600,"110-01001","Mid-year"
1986,"Female","60-64",107600,"110-01001","Mid-year"
1986,"Female","65-69",85900,"110-01001","Mid-year"
1986,"Female","70-74",68800,"110-01001","Mid-year"
1986,"Female","75-79",43600,"110-01001","Mid-year"
1986,"Female","80-84",28400,"110-01001","Mid-year"
1986,"Female","85+",18600,"110-01001","Mid-year"
1986,"Male","35-39",224200,"110-01001","Mid-year"
1986,"Male","40-44",140600,"110-01001","Mid-year"
1986,"Male","45-49",141300,"110-01001","Mid-year"
1986,"Male","50-54",147600,"110-01001","Mid-year"
1986,"Male","55-59",132300,"110-01001","Mid-year"
1986,"Male","60-64",108100,"110-01001","Mid-year"
1986,"Male","65-69",79700,"110-01001","Mid-year"
1986,"Male","70-74",55600,"110-01001","Mid-year"
1986,"Male","75-79",26800,"110-01001","Mid-year"
1986,"Male","80-84",11700,"110-01001","Mid-year"
1986,"Male","85+",4900,"110-01001","Mid-year"
1987,"Female","35-39",210100,"110-01001","Mid-year"
1987,"Female","40-44",127400,"110-01001","Mid-year"
1987,"Female","45-49",113000,"110-01001","Mid-year"
1987,"Female","50-54",125800,"110-01001","Mid-year"
1987,"Female","55-59",123200,"110-01001","Mid-year"
1987,"Female","60-64",110300,"110-01001","Mid-year"
1987,"Female","65-69",88700,"110-01001","Mid-year"
1987,"Female","70-74",70300,"110-01001","Mid-year"
1987,"Female","75-79",45700,"110-01001","Mid-year"
1987,"Female","80-84",27900,"110-01001","Mid-year"
1987,"Female","85+",20500,"110-01001","Mid-year"
1987,"Male","35-39",236100,"110-01001","Mid-year"
1987,"Male","40-44",154100,"110-01001","Mid-year"
1987,"Male","45-49",137500,"110-01001","Mid-year"
1987,"Male","50-54",147200,"110-01001","Mid-year"
1987,"Male","55-59",136200,"110-01001","Mid-year"
1987,"Male","60-64",111500,"110-01001","Mid-year"
1987,"Male","65-69",82400,"110-01001","Mid-year"
1987,"Male","70-74",57600,"110-01001","Mid-year"
1987,"Male","75-79",29700,"110-01001","Mid-year"
1987,"Male","80-84",12300,"110-01001","Mid-year"
1987,"Male","85+",5600,"110-01001","Mid-year"
1988,"Female","35-39",220200,"110-01001","Mid-year"
1988,"Female","40-44",145000,"110-01001","Mid-year"
1988,"Female","45-49",108600,"110-01001","Mid-year"
1988,"Female","50-54",124000,"110-01001","Mid-year"
1988,"Female","55-59",124600,"110-01001","Mid-year"
1988,"Female","60-64",112400,"110-01001","Mid-year"
1988,"Female","65-69",91500,"110-01001","Mid-year"
1988,"Female","70-74",70800,"110-01001","Mid-year"
1988,"Female","75-79",48100,"110-01001","Mid-year"
1988,"Female","80-84",26900,"110-01001","Mid-year"
1988,"Female","85+",21900,"110-01001","Mid-year"
1988,"Male","35-39",244700,"110-01001","Mid-year"
1988,"Male","40-44",172700,"110-01001","Mid-year"
1988,"Male","45-49",134100,"110-01001","Mid-year"
1988,"Male","50-54",146300,"110-01001","Mid-year"
1988,"Male","55-59",138900,"110-01001","Mid-year"
1988,"Male","60-64",115300,"110-01001","Mid-year"
1988,"Male","65-69",85600,"110-01001","Mid-year"
1988,"Male","70-74",59200,"110-01001","Mid-year"
1988,"Male","75-79",32700,"110-01001","Mid-year"
1988,"Male","80-84",12800,"110-01001","Mid-year"
1988,"Male","85+",6300,"110-01001","Mid-year"
1989,"Female","35-39",229700,"110-01001","Mid-year"
1989,"Female","40-44",164500,"110-01001","Mid-year"
1989,"Female","45-49",106200,"110-01001","Mid-year"
1989,"Female","50-54",121500,"110-01001","Mid-year"
1989,"Female","55-59",124800,"110-01001","Mid-year"
1989,"Female","60-64",114100,"110-01001","Mid-year"
1989,"Female","65-69",93900,"110-01001","Mid-year"
1989,"Female","70-74",71900,"110-01001","Mid-year"
1989,"Female","75-79",50200,"110-01001","Mid-year"
1989,"Female","80-84",26700,"110-01001","Mid-year"
1989,"Female","85+",23000,"110-01001","Mid-year"
1989,"Male","35-39",251000,"110-01001","Mid-year"
1989,"Male","40-44",191900,"110-01001","Mid-year"
1989,"Male","45-49",131900,"110-01001","Mid-year"
1989,"Male","50-54",144300,"110-01001","Mid-year"
1989,"Male","55-59",140100,"110-01001","Mid-year"
1989,"Male","60-64",118200,"110-01001","Mid-year"
1989,"Male","65-69",88000,"110-01001","Mid-year"
1989,"Male","70-74",60500,"110-01001","Mid-year"
1989,"Male","75-79",35400,"110-01001","Mid-year"
1989,"Male","80-84",13500,"110-01001","Mid-year"
1989,"Male","85+",6900,"110-01001","Mid-year"
1990,"Female","35-39",238700,"110-01001","Mid-year"
1990,"Female","40-44",181900,"110-01001","Mid-year"
1990,"Female","45-49",107100,"110-01001","Mid-year"
1990,"Female","50-54",117900,"110-01001","Mid-year"
1990,"Female","55-59",123500,"110-01001","Mid-year"
1990,"Female","60-64",115200,"110-01001","Mid-year"
1990,"Female","65-69",95500,"110-01001","Mid-year"
1990,"Female","70-74",73300,"110-01001","Mid-year"
1990,"Female","75-79",52000,"110-01001","Mid-year"
1990,"Female","80-84",27200,"110-01001","Mid-year"
1990,"Female","85+",23100,"110-01001","Mid-year"
1990,"Male","35-39",256000,"110-01001","Mid-year"
1990,"Male","40-44",208500,"110-01001","Mid-year"
1990,"Male","45-49",132600,"110-01001","Mid-year"
1990,"Male","50-54",141500,"110-01001","Mid-year"
1990,"Male","55-59",139700,"110-01001","Mid-year"
1990,"Male","60-64",121200,"110-01001","Mid-year"
1990,"Male","65-69",90000,"110-01001","Mid-year"
1990,"Male","70-74",62200,"110-01001","Mid-year"
1990,"Male","75-79",37600,"110-01001","Mid-year"
1990,"Male","80-84",14600,"110-01001","Mid-year"
1990,"Male","85+",7300,"110-01001","Mid-year"
1991,"Female","35-39",250200,"110-01001","Mid-year"
1991,"Female","40-44",197000,"110-01001","Mid-year"
1991,"Female","45-49",114300,"110-01001","Mid-year"
1991,"Female","50-54",115000,"110-01001","Mid-year"
1991,"Female","55-59",123300,"110-01001","Mid-year"
1991,"Female","60-64",118000,"110-01001","Mid-year"
1991,"Female","65-69",98900,"110-01001","Mid-year"
1991,"Female","70-74",75500,"110-01001","Mid-year"
1991,"Female","75-79",53700,"110-01001","Mid-year"
1991,"Female","80-84",30300,"110-01001","Mid-year"
1991,"Female","85+",22200,"110-01001","Mid-year"
1991,"Male","35-39",265900,"110-01001","Mid-year"
1991,"Male","40-44",224100,"110-01001","Mid-year"
1991,"Male","45-49",140700,"110-01001","Mid-year"
1991,"Male","50-54",140200,"110-01001","Mid-year"
1991,"Male","55-59",140400,"110-01001","Mid-year"
1991,"Male","60-64",125100,"110-01001","Mid-year"
1991,"Male","65-69",93600,"110-01001","Mid-year"
1991,"Male","70-74",64500,"110-01001","Mid-year"
1991,"Male","75-79",39700,"110-01001","Mid-year"
1991,"Male","80-84",16500,"110-01001","Mid-year"
1991,"Male","85+",7500,"110-01001","Mid-year"
1992,"Female","35-39",265500,"110-01001","Mid-year"
1992,"Female","40-44",209800,"110-01001","Mid-year"
1992,"Female","45-49",127000,"110-01001","Mid-year"
1992,"Female","50-54",110900,"110-01001","Mid-year"
1992,"Female","55-59",122600,"110-01001","Mid-year"
1992,"Female","60-64",120100,"110-01001","Mid-year"
1992,"Female","65-69",102500,"110-01001","Mid-year"
1992,"Female","70-74",78300,"110-01001","Mid-year"
1992,"Female","75-79",56000,"110-01001","Mid-year"
1992,"Female","80-84",31000,"110-01001","Mid-year"
1992,"Female","85+",23800,"110-01001","Mid-year"
1992,"Male","35-39",276800,"110-01001","Mid-year"
1992,"Male","40-44",234100,"110-01001","Mid-year"
1992,"Male","45-49",153600,"110-01001","Mid-year"
1992,"Male","50-54",135400,"110-01001","Mid-year"
1992,"Male","55-59",140100,"110-01001","Mid-year"
1992,"Male","60-64",126600,"110-01001","Mid-year"
1992,"Male","65-69",97100,"110-01001","Mid-year"
1992,"Male","70-74",66700,"110-01001","Mid-year"
1992,"Male","75-79",41200,"110-01001","Mid-year"
1992,"Male","80-84",17400,"110-01001","Mid-year"
1992,"Male","85+",8300,"110-01001","Mid-year"
1993,"Female","35-39",284400,"110-01001","Mid-year"
1993,"Female","40-44",222200,"110-01001","Mid-year"
1993,"Female","45-49",144600,"110-01001","Mid-year"
1993,"Female","50-54",107300,"110-01001","Mid-year"
1993,"Female","55-59",121500,"110-01001","Mid-year"
1993,"Female","60-64",121200,"110-01001","Mid-year"
1993,"Female","65-69",106100,"110-01001","Mid-year"
1993,"Female","70-74",81600,"110-01001","Mid-year"
1993,"Female","75-79",58400,"110-01001","Mid-year"
1993,"Female","80-84",32800,"110-01001","Mid-year"
1993,"Female","85+",25300,"110-01001","Mid-year"
1993,"Male","35-39",291700,"110-01001","Mid-year"
1993,"Male","40-44",243500,"110-01001","Mid-year"
1993,"Male","45-49",172700,"110-01001","Mid-year"
1993,"Male","50-54",132200,"110-01001","Mid-year"
1993,"Male","55-59",140600,"110-01001","Mid-year"
1993,"Male","60-64",128000,"110-01001","Mid-year"
1993,"Male","65-69",101200,"110-01001","Mid-year"
1993,"Male","70-74",68800,"110-01001","Mid-year"
1993,"Male","75-79",43200,"110-01001","Mid-year"
1993,"Male","80-84",19200,"110-01001","Mid-year"
1993,"Male","85+",9400,"110-01001","Mid-year"
1994,"Female","35-39",303000,"110-01001","Mid-year"
1994,"Female","40-44",236000,"110-01001","Mid-year"
1994,"Female","45-49",165700,"110-01001","Mid-year"
1994,"Female","50-54",105400,"110-01001","Mid-year"
1994,"Female","55-59",120200,"110-01001","Mid-year"
1994,"Female","60-64",122200,"110-01001","Mid-year"
1994,"Female","65-69",109500,"110-01001","Mid-year"
1994,"Female","70-74",85400,"110-01001","Mid-year"
1994,"Female","75-79",60700,"110-01001","Mid-year"
1994,"Female","80-84",36100,"110-01001","Mid-year"
1994,"Female","85+",26900,"110-01001","Mid-year"
1994,"Male","35-39",306700,"110-01001","Mid-year"
1994,"Male","40-44",251100,"110-01001","Mid-year"
1994,"Male","45-49",193800,"110-01001","Mid-year"
1994,"Male","50-54",131000,"110-01001","Mid-year"
1994,"Male","55-59",139700,"110-01001","Mid-year"
1994,"Male","60-64",130500,"110-01001","Mid-year"
1994,"Male","65-69",105600,"110-01001","Mid-year"
1994,"Male","70-74",72100,"110-01001","Mid-year"
1994,"Male","75-79",45500,"110-01001","Mid-year"
1994,"Male","80-84",21900,"110-01001","Mid-year"
1994,"Male","85+",10300,"110-01001","Mid-year"
1995,"Female","35-39",319400,"110-01001","Mid-year"
1995,"Female","40-44",248200,"110-01001","Mid-year"
1995,"Female","45-49",186400,"110-01001","Mid-year"
1995,"Female","50-54",107500,"110-01001","Mid-year"
1995,"Female","55-59",118500,"110-01001","Mid-year"
1995,"Female","60-64",122600,"110-01001","Mid-year"
1995,"Female","65-69",112500,"110-01001","Mid-year"
1995,"Female","70-74",88900,"110-01001","Mid-year"
1995,"Female","75-79",63100,"110-01001","Mid-year"
1995,"Female","80-84",39100,"110-01001","Mid-year"
1995,"Female","85+",28900,"110-01001","Mid-year"
1995,"Male","35-39",317400,"110-01001","Mid-year"
1995,"Male","40-44",258300,"110-01001","Mid-year"
1995,"Male","45-49",212500,"110-01001","Mid-year"
1995,"Male","50-54",133300,"110-01001","Mid-year"
1995,"Male","55-59",137700,"110-01001","Mid-year"
1995,"Male","60-64",132200,"110-01001","Mid-year"
1995,"Male","65-69",109200,"110-01001","Mid-year"
1995,"Male","70-74",76200,"110-01001","Mid-year"
1995,"Male","75-79",48200,"110-01001","Mid-year"
1995,"Male","80-84",24300,"110-01001","Mid-year"
1995,"Male","85+",11400,"110-01001","Mid-year"
1996,"Female","35-39",336500,"110-01001","Mid-year"
1996,"Female","40-44",268800,"110-01001","Mid-year"
1996,"Female","45-49",212400,"110-01001","Mid-year"
1996,"Female","50-54",119700,"110-01001","Mid-year"
1996,"Female","55-59",118500,"110-01001","Mid-year"
1996,"Female","60-64",128100,"110-01001","Mid-year"
1996,"Female","65-69",119600,"110-01001","Mid-year"
1996,"Female","70-74",96200,"110-01001","Mid-year"
1996,"Female","75-79",68200,"110-01001","Mid-year"
1996,"Female","80-84",43400,"110-01001","Mid-year"
1996,"Female","85+",31100,"110-01001","Mid-year"
1996,"Male","35-39",333600,"110-01001","Mid-year"
1996,"Male","40-44",275600,"110-01001","Mid-year"
1996,"Male","45-49",236000,"110-01001","Mid-year"
1996,"Male","50-54",144600,"110-01001","Mid-year"
1996,"Male","55-59",140300,"110-01001","Mid-year"
1996,"Male","60-64",140600,"110-01001","Mid-year"
1996,"Male","65-69",118600,"110-01001","Mid-year"
1996,"Male","70-74",84400,"110-01001","Mid-year"
1996,"Male","75-79",52400,"110-01001","Mid-year"
1996,"Male","80-84",27100,"110-01001","Mid-year"
1996,"Male","85+",12700,"110-01001","Mid-year"
1997,"Female","35-39",342000,"110-01001","Mid-year"
1997,"Female","40-44",284000,"110-01001","Mid-year"
1997,"Female","45-49",224700,"110-01001","Mid-year"
1997,"Female","50-54",134600,"110-01001","Mid-year"
1997,"Female","55-59",113500,"110-01001","Mid-year"
1997,"Female","60-64",128100,"110-01001","Mid-year"
1997,"Female","65-69",121200,"110-01001","Mid-year"
1997,"Female","70-74",97700,"110-01001","Mid-year"
1997,"Female","75-79",70800,"110-01001","Mid-year"
1997,"Female","80-84",43800,"110-01001","Mid-year"
1997,"Female","85+",33100,"110-01001","Mid-year"
1997,"Male","35-39",336300,"110-01001","Mid-year"
1997,"Male","40-44",288100,"110-01001","Mid-year"
1997,"Male","45-49",243900,"110-01001","Mid-year"
1997,"Male","50-54",158700,"110-01001","Mid-year"
1997,"Male","55-59",137000,"110-01001","Mid-year"
1997,"Male","60-64",141100,"110-01001","Mid-year"
1997,"Male","65-69",122200,"110-01001","Mid-year"
1997,"Male","70-74",86800,"110-01001","Mid-year"
1997,"Male","75-79",55100,"110-01001","Mid-year"
1997,"Male","80-84",27000,"110-01001","Mid-year"
1997,"Male","85+",13900,"110-01001","Mid-year"
1998,"Female","35-39",352700,"110-01001","Mid-year"
1998,"Female","40-44",300500,"110-01001","Mid-year"
1998,"Female","45-49",235800,"110-01001","Mid-year"
1998,"Female","50-54",151600,"110-01001","Mid-year"
1998,"Female","55-59",107800,"110-01001","Mid-year"
1998,"Female","60-64",125300,"110-01001","Mid-year"
1998,"Female","65-69",122000,"110-01001","Mid-year"
1998,"Female","70-74",100700,"110-01001","Mid-year"
1998,"Female","75-79",73200,"110-01001","Mid-year"
1998,"Female","80-84",44400,"110-01001","Mid-year"
1998,"Female","85+",34400,"110-01001","Mid-year"
1998,"Male","35-39",334800,"110-01001","Mid-year"
1998,"Male","40-44",303900,"110-01001","Mid-year"
1998,"Male","45-49",249900,"110-01001","Mid-year"
1998,"Male","50-54",174700,"110-01001","Mid-year"
1998,"Male","55-59",132600,"110-01001","Mid-year"
1998,"Male","60-64",138800,"110-01001","Mid-year"
1998,"Male","65-69",126900,"110-01001","Mid-year"
1998,"Male","70-74",89900,"110-01001","Mid-year"
1998,"Male","75-79",57000,"110-01001","Mid-year"
1998,"Male","80-84",28300,"110-01001","Mid-year"
1998,"Male","85+",13800,"110-01001","Mid-year"
1999,"Female","35-39",361400,"110-01001","Mid-year"
1999,"Female","40-44",315300,"110-01001","Mid-year"
1999,"Female","45-49",245600,"110-01001","Mid-year"
1999,"Female","50-54",169800,"110-01001","Mid-year"
1999,"Female","55-59",107900,"110-01001","Mid-year"
1999,"Female","60-64",122900,"110-01001","Mid-year"
1999,"Female","65-69",122800,"110-01001","Mid-year"
1999,"Female","70-74",102000,"110-01001","Mid-year"
1999,"Female","75-79",76800,"110-01001","Mid-year"
1999,"Female","80-84",46200,"110-01001","Mid-year"
1999,"Female","85+",35900,"110-01001","Mid-year"
1999,"Male","35-39",331000,"110-01001","Mid-year"
1999,"Male","40-44",316400,"110-01001","Mid-year"
1999,"Male","45-49",256000,"110-01001","Mid-year"
1999,"Male","50-54",188200,"110-01001","Mid-year"
1999,"Male","55-59",133200,"110-01001","Mid-year"
1999,"Male","60-64",136500,"110-01001","Mid-year"
1999,"Male","65-69",129600,"110-01001","Mid-year"
1999,"Male","70-74",93100,"110-01001","Mid-year"
1999,"Male","75-79",59700,"110-01001","Mid-year"
1999,"Male","80-84",29300,"110-01001","Mid-year"
1999,"Male","85+",14600,"110-01001","Mid-year"
2000,"Female","35-39",366500,"110-01001","Mid-year"
2000,"Female","40-44",331900,"110-01001","Mid-year"
2000,"Female","45-49",253900,"110-01001","Mid-year"
2000,"Female","50-54",190800,"110-01001","Mid-year"
2000,"Female","55-59",109400,"110-01001","Mid-year"
2000,"Female","60-64",121600,"110-01001","Mid-year"
2000,"Female","65-69",122600,"110-01001","Mid-year"
2000,"Female","70-74",104600,"110-01001","Mid-year"
2000,"Female","75-79",78200,"110-01001","Mid-year"
2000,"Female","80-84",48900,"110-01001","Mid-year"
2000,"Female","85+",38700,"110-01001","Mid-year"
2000,"Male","35-39",323100,"110-01001","Mid-year"
2000,"Male","40-44",326900,"110-01001","Mid-year"
2000,"Male","45-49",260700,"110-01001","Mid-year"
2000,"Male","50-54",210400,"110-01001","Mid-year"
2000,"Male","55-59",132400,"110-01001","Mid-year"
2000,"Male","60-64",135800,"110-01001","Mid-year"
2000,"Male","65-69",129000,"110-01001","Mid-year"
2000,"Male","70-74",97800,"110-01001","Mid-year"
2000,"Male","75-79",61100,"110-01001","Mid-year"
2000,"Male","80-84",32000,"110-01001","Mid-year"
2000,"Male","85+",16300,"110-01001","Mid-year"
2001,"Female","35-39",370500,"110-01001","Mid-year"
2001,"Female","40-44",343300,"110-01001","Mid-year"
2001,"Female","45-49",269200,"110-01001","Mid-year"
2001,"Female","50-54",210300,"110-01001","Mid-year"
2001,"Female","55-59",116600,"110-01001","Mid-year"
2001,"Female","60-64",117100,"110-01001","Mid-year"
2001,"Female","65-69",121900,"110-01001","Mid-year"
2001,"Female","70-74",107900,"110-01001","Mid-year"
2001,"Female","75-79",80500,"110-01001","Mid-year"
2001,"Female","80-84",52100,"110-01001","Mid-year"
2001,"Female","85+",43000,"110-01001","Mid-year"
2001,"Male","35-39",312700,"110-01001","Mid-year"
2001,"Male","40-44",335400,"110-01001","Mid-year"
2001,"Male","45-49",270500,"110-01001","Mid-year"
2001,"Male","50-54",226700,"110-01001","Mid-year"
2001,"Male","55-59",136000,"110-01001","Mid-year"
2001,"Male","60-64",133900,"110-01001","Mid-year"
2001,"Male","65-69",128200,"110-01001","Mid-year"
2001,"Male","70-74",102300,"110-01001","Mid-year"
2001,"Male","75-79",63600,"110-01001","Mid-year"
2001,"Male","80-84",34200,"110-01001","Mid-year"
2001,"Male","85+",19600,"110-01001","Mid-year"
2002,"Female","35-39",368300,"110-01001","Mid-year"
2002,"Female","40-44",352400,"110-01001","Mid-year"
2002,"Female","45-49",286700,"110-01001","Mid-year"
2002,"Female","50-54",223400,"110-01001","Mid-year"
2002,"Female","55-59",133300,"110-01001","Mid-year"
2002,"Female","60-64",112500,"110-01001","Mid-year"
2002,"Female","65-69",123000,"110-01001","Mid-year"
2002,"Female","70-74",109600,"110-01001","Mid-year"
2002,"Female","75-79",84300,"110-01001","Mid-year"
2002,"Female","80-84",55100,"110-01001","Mid-year"
2002,"Female","85+",46500,"110-01001","Mid-year"
2002,"Male","35-39",301100,"110-01001","Mid-year"
2002,"Male","40-44",335200,"110-01001","Mid-year"
2002,"Male","45-49",283600,"110-01001","Mid-year"
2002,"Male","50-54",233900,"110-01001","Mid-year"
2002,"Male","55-59",149300,"110-01001","Mid-year"
2002,"Male","60-64",128900,"110-01001","Mid-year"
2002,"Male","65-69",128600,"110-01001","Mid-year"
2002,"Male","70-74",105100,"110-01001","Mid-year"
2002,"Male","75-79",67200,"110-01001","Mid-year"
2002,"Male","80-84",36500,"110-01001","Mid-year"
2002,"Male","85+",21200,"110-01001","Mid-year"
2003,"Female","35-39",354300,"110-01001","Mid-year"
2003,"Female","40-44",361900,"110-01001","Mid-year"
2003,"Female","45-49",302300,"110-01001","Mid-year"
2003,"Female","50-54",233000,"110-01001","Mid-year"
2003,"Female","55-59",150100,"110-01001","Mid-year"
2003,"Female","60-64",107300,"110-01001","Mid-year"
2003,"Female","65-69",122200,"110-01001","Mid-year"
2003,"Female","70-74",111200,"110-01001","Mid-year"
2003,"Female","75-79",86900,"110-01001","Mid-year"
2003,"Female","80-84",58400,"110-01001","Mid-year"
2003,"Female","85+",49800,"110-01001","Mid-year"
2003,"Male","35-39",283300,"110-01001","Mid-year"
2003,"Male","40-44",332900,"110-01001","Mid-year"
2003,"Male","45-49",297400,"110-01001","Mid-year"
2003,"Male","50-54",239100,"110-01001","Mid-year"
2003,"Male","55-59",163000,"110-01001","Mid-year"
2003,"Male","60-64",124500,"110-01001","Mid-year"
2003,"Male","65-69",127200,"110-01001","Mid-year"
2003,"Male","70-74",108700,"110-01001","Mid-year"
2003,"Male","75-79",70200,"110-01001","Mid-year"
2003,"Male","80-84",38700,"110-01001","Mid-year"
2003,"Male","85+",22100,"110-01001","Mid-year"
2004,"Female","35-39",344400,"110-01001","Mid-year"
2004,"Female","40-44",370300,"110-01001","Mid-year"
2004,"Female","45-49",317000,"110-01001","Mid-year"
2004,"Female","50-54",245000,"110-01001","Mid-year"
2004,"Female","55-59",168200,"110-01001","Mid-year"
2004,"Female","60-64",106800,"110-01001","Mid-year"
2004,"Female","65-69",121700,"110-01001","Mid-year"
2004,"Female","70-74",114700,"110-01001","Mid-year"
2004,"Female","75-79",89900,"110-01001","Mid-year"
2004,"Female","80-84",62100,"110-01001","Mid-year"
2004,"Female","85+",53000,"110-01001","Mid-year"
2004,"Male","35-39",270500,"110-01001","Mid-year"
2004,"Male","40-44",328900,"110-01001","Mid-year"
2004,"Male","45-49",309400,"110-01001","Mid-year"
2004,"Male","50-54",246000,"110-01001","Mid-year"
2004,"Male","55-59",177700,"110-01001","Mid-year"
2004,"Male","60-64",124000,"110-01001","Mid-year"
2004,"Male","65-69",126500,"110-01001","Mid-year"
2004,"Male","70-74",113200,"110-01001","Mid-year"
2004,"Male","75-79",73200,"110-01001","Mid-year"
2004,"Male","80-84",40900,"110-01001","Mid-year"
2004,"Male","85+",23800,"110-01001","Mid-year"
2005,"Female","35-39",334300,"110-01001","Mid-year"
2005,"Female","40-44",370800,"110-01001","Mid-year"
2005,"Female","45-49",328700,"110-01001","Mid-year"
2005,"Female","50-54",256000,"110-01001","Mid-year"
2005,"Female","55-59",190100,"110-01001","Mid-year"
2005,"Female","60-64",109900,"110-01001","Mid-year"
2005,"Female","65-69",119900,"110-01001","Mid-year"
2005,"Female","70-74",115600,"110-01001","Mid-year"
2005,"Female","75-79",92400,"110-01001","Mid-year"
2005,"Female","80-84",65100,"110-01001","Mid-year"
2005,"Female","85+",57000,"110-01001","Mid-year"
2005,"Male","35-39",256600,"110-01001","Mid-year"
2005,"Male","40-44",318400,"110-01001","Mid-year"
2005,"Male","45-49",319500,"110-01001","Mid-year"
2005,"Male","50-54",253900,"110-01001","Mid-year"
2005,"Male","55-59",198000,"110-01001","Mid-year"
2005,"Male","60-64",125200,"110-01001","Mid-year"
2005,"Male","65-69",126300,"110-01001","Mid-year"
2005,"Male","70-74",112700,"110-01001","Mid-year"
2005,"Male","75-79",77400,"110-01001","Mid-year"
2005,"Male","80-84",42600,"110-01001","Mid-year"
2005,"Male","85+",25700,"110-01001","Mid-year"
2006,"Female","35-39",331400,"110-01001","Mid-year"
2006,"Female","40-44",365300,"110-01001","Mid-year"
2006,"Female","45-49",335700,"110-01001","Mid-year"
2006,"Female","50-54",267600,"110-01001","Mid-year"
2006,"Female","55-59",207800,"110-01001","Mid-year"
2006,"Female","60-64",116300,"110-01001","Mid-year"
2006,"Female","65-69",116600,"110-01001","Mid-year"
2006,"Female","70-74",115900,"110-01001","Mid-year"
2006,"Female","75-79",96300,"110-01001","Mid-year"
2006,"Female","80-84",67900,"110-01001","Mid-year"
2006,"Female","85+",62200,"110-01001","Mid-year"
2006,"Male","35-39",248000,"110-01001","Mid-year"
2006,"Male","40-44",304400,"110-01001","Mid-year"
2006,"Male","45-49",323700,"110-01001","Mid-year"
2006,"Male","50-54",264000,"110-01001","Mid-year"
2006,"Male","55-59",214700,"110-01001","Mid-year"
2006,"Male","60-64",127600,"110-01001","Mid-year"
2006,"Male","65-69",125200,"110-01001","Mid-year"
2006,"Male","70-74",112400,"110-01001","Mid-year"
2006,"Male","75-79",82300,"110-01001","Mid-year"
2006,"Male","80-84",44800,"110-01001","Mid-year"
2006,"Male","85+",28500,"110-01001","Mid-year"
2007,"Female","35-39",331700,"110-01001","Mid-year"
2007,"Female","40-44",358600,"110-01001","Mid-year"
2007,"Female","45-49",337700,"110-01001","Mid-year"
2007,"Female","50-54",280800,"110-01001","Mid-year"
2007,"Female","55-59",219400,"110-01001","Mid-year"
2007,"Female","60-64",131700,"110-01001","Mid-year"
2007,"Female","65-69",112300,"110-01001","Mid-year"
2007,"Female","70-74",119700,"110-01001","Mid-year"
2007,"Female","75-79",98600,"110-01001","Mid-year"
2007,"Female","80-84",71700,"110-01001","Mid-year"
2007,"Female","85+",66600,"110-01001","Mid-year"
2007,"Male","35-39",243400,"110-01001","Mid-year"
2007,"Male","40-44",293100,"110-01001","Mid-year"
2007,"Male","45-49",320100,"110-01001","Mid-year"
2007,"Male","50-54",276400,"110-01001","Mid-year"
2007,"Male","55-59",222200,"110-01001","Mid-year"
2007,"Male","60-64",140800,"110-01001","Mid-year"
2007,"Male","65-69",122500,"110-01001","Mid-year"
2007,"Male","70-74",115400,"110-01001","Mid-year"
2007,"Male","75-79",86900,"110-01001","Mid-year"
2007,"Male","80-84",47800,"110-01001","Mid-year"
2007,"Male","85+",30700,"110-01001","Mid-year"
2008,"Female","35-39",334100,"110-01001","Mid-year"
2008,"Female","40-44",344400,"110-01001","Mid-year"
2008,"Female","45-49",348200,"110-01001","Mid-year"
2008,"Female","50-54",295700,"110-01001","Mid-year"
2008,"Female","55-59",229000,"110-01001","Mid-year"
2008,"Female","60-64",148500,"110-01001","Mid-year"
2008,"Female","65-69",107100,"110-01001","Mid-year"
2008,"Female","70-74",119600,"110-01001","Mid-year"
2008,"Female","75-79",101800,"110-01001","Mid-year"
2008,"Female","80-84",74200,"110-01001","Mid-year"
2008,"Female","85+",70700,"110-01001","Mid-year"
2008,"Male","35-39",241300,"110-01001","Mid-year"
2008,"Male","40-44",277100,"110-01001","Mid-year"
2008,"Male","45-49",320100,"110-01001","Mid-year"
2008,"Male","50-54",289600,"110-01001","Mid-year"
2008,"Male","55-59",228900,"110-01001","Mid-year"
2008,"Male","60-64",155100,"110-01001","Mid-year"
2008,"Male","65-69",118700,"110-01001","Mid-year"
2008,"Male","70-74",116100,"110-01001","Mid-year"
2008,"Male","75-79",91300,"110-01001","Mid-year"
2008,"Male","80-84",50400,"110-01001","Mid-year"
2008,"Male","85+",32800,"110-01001","Mid-year"
2009,"Female","35-39",331700,"110-01001","Mid-year"
2009,"Female","40-44",334400,"110-01001","Mid-year"
2009,"Female","45-49",354700,"110-01001","Mid-year"
2009,"Female","50-54",306900,"110-01001","Mid-year"
2009,"Female","55-59",239000,"110-01001","Mid-year"
2009,"Female","60-64",165800,"110-01001","Mid-year"
2009,"Female","65-69",105300,"110-01001","Mid-year"
2009,"Female","70-74",118400,"110-01001","Mid-year"
2009,"Female","75-79",105500,"110-01001","Mid-year"
2009,"Female","80-84",76600,"110-01001","Mid-year"
2009,"Female","85+",75000,"110-01001","Mid-year"
2009,"Male","35-39",240000,"110-01001","Mid-year"
2009,"Male","40-44",262700,"110-01001","Mid-year"
2009,"Male","45-49",315900,"110-01001","Mid-year"
2009,"Male","50-54",299300,"110-01001","Mid-year"
2009,"Male","55-59",236900,"110-01001","Mid-year"
2009,"Male","60-64",169600,"110-01001","Mid-year"
2009,"Male","65-69",118300,"110-01001","Mid-year"
2009,"Male","70-74",115300,"110-01001","Mid-year"
2009,"Male","75-79",95800,"110-01001","Mid-year"
2009,"Male","80-84",53200,"110-01001","Mid-year"
2009,"Male","85+",35200,"110-01001","Mid-year"
2010,"Female","35-39",332000,"110-01001","Mid-year"
2010,"Female","40-44",329900,"110-01001","Mid-year"
2010,"Female","45-49",357900,"110-01001","Mid-year"
2010,"Female","50-54",317700,"110-01001","Mid-year"
2010,"Female","55-59",247400,"110-01001","Mid-year"
2010,"Female","60-64",186800,"110-01001","Mid-year"
2010,"Female","65-69",107400,"110-01001","Mid-year"
2010,"Female","70-74",116900,"110-01001","Mid-year"
2010,"Female","75-79",107200,"110-01001","Mid-year"
2010,"Female","80-84",79600,"110-01001","Mid-year"
2010,"Female","85+",79700,"110-01001","Mid-year"
2010,"Male","35-39",238700,"110-01001","Mid-year"
2010,"Male","40-44",250000,"110-01001","Mid-year"
2010,"Male","45-49",307700,"110-01001","Mid-year"
2010,"Male","50-54",307700,"110-01001","Mid-year"
2010,"Male","55-59",243700,"110-01001","Mid-year"
2010,"Male","60-64",188200,"110-01001","Mid-year"
2010,"Male","65-69",119300,"110-01001","Mid-year"
2010,"Male","70-74",116700,"110-01001","Mid-year"
2010,"Male","75-79",96300,"110-01001","Mid-year"
2010,"Male","80-84",57600,"110-01001","Mid-year"
2010,"Male","85+",37800,"110-01001","Mid-year"
2011,"Female","35-39",328100,"110-01001","Mid-year"
2011,"Female","40-44",330000,"110-01001","Mid-year"
2011,"Female","45-49",356400,"110-01001","Mid-year"
2011,"Female","50-54",324900,"110-01001","Mid-year"
2011,"Female","55-59",259200,"110-01001","Mid-year"
2011,"Female","60-64",204500,"110-01001","Mid-year"
2011,"Female","65-69",112800,"110-01001","Mid-year"
2011,"Female","70-74",113700,"110-01001","Mid-year"
2011,"Female","75-79",108200,"110-01001","Mid-year"
2011,"Female","80-84",83800,"110-01001","Mid-year"
2011,"Female","85+",84700,"110-01001","Mid-year"
2011,"Male","35-39",234500,"110-01001","Mid-year"
2011,"Male","40-44",242700,"110-01001","Mid-year"
2011,"Male","45-49",295300,"110-01001","Mid-year"
2011,"Male","50-54",312800,"110-01001","Mid-year"
2011,"Male","55-59",253900,"110-01001","Mid-year"
2011,"Male","60-64",205100,"110-01001","Mid-year"
2011,"Male","65-69",121500,"110-01001","Mid-year"
2011,"Male","70-74",116700,"110-01001","Mid-year"
2011,"Male","75-79",97000,"110-01001","Mid-year"
2011,"Male","80-84",62300,"110-01001","Mid-year"
2011,"Male","85+",40700,"110-01001","Mid-year"
2012,"Female","35-39",331500,"110-01001","Mid-year"
2012,"Female","40-44",334700,"110-01001","Mid-year"
2012,"Female","45-49",351300,"110-01001","Mid-year"
2012,"Female","50-54",329600,"110-01001","Mid-year"
2012,"Female","55-59",273100,"110-01001","Mid-year"
2012,"Female","60-64",214800,"110-01001","Mid-year"
2012,"Female","65-69",129600,"110-01001","Mid-year"
2012,"Female","70-74",108300,"110-01001","Mid-year"
2012,"Female","75-79",109800,"110-01001","Mid-year"
2012,"Female","80-84",85600,"110-01001","Mid-year"
2012,"Female","85+",90500,"110-01001","Mid-year"
2012,"Male","35-39",234500,"110-01001","Mid-year"
2012,"Male","40-44",241200,"110-01001","Mid-year"
2012,"Male","45-49",286100,"110-01001","Mid-year"
2012,"Male","50-54",311800,"110-01001","Mid-year"
2012,"Male","55-59",267500,"110-01001","Mid-year"
2012,"Male","60-64",213700,"110-01001","Mid-year"
2012,"Male","65-69",134800,"110-01001","Mid-year"
2012,"Male","70-74",112800,"110-01001","Mid-year"
2012,"Male","75-79",99100,"110-01001","Mid-year"
2012,"Male","80-84",65400,"110-01001","Mid-year"
2012,"Male","85+",44000,"110-01001","Mid-year"
2013,"Female","35-39",328800,"110-01001","Mid-year"
2013,"Female","40-44",337700,"110-01001","Mid-year"
2013,"Female","45-49",337000,"110-01001","Mid-year"
2013,"Female","50-54",340400,"110-01001","Mid-year"
2013,"Female","55-59",288000,"110-01001","Mid-year"
2013,"Female","60-64",222700,"110-01001","Mid-year"
2013,"Female","65-69",146400,"110-01001","Mid-year"
2013,"Female","70-74",103600,"110-01001","Mid-year"
2013,"Female","75-79",109800,"110-01001","Mid-year"
2013,"Female","80-84",88300,"110-01001","Mid-year"
2013,"Female","85+",96800,"110-01001","Mid-year"
2013,"Male","35-39",229500,"110-01001","Mid-year"
2013,"Male","40-44",239800,"110-01001","Mid-year"
2013,"Male","45-49",270800,"110-01001","Mid-year"
2013,"Male","50-54",313800,"110-01001","Mid-year"
2013,"Male","55-59",281100,"110-01001","Mid-year"
2013,"Male","60-64",219900,"110-01001","Mid-year"
2013,"Male","65-69",148700,"110-01001","Mid-year"
2013,"Male","70-74",109500,"110-01001","Mid-year"
2013,"Male","75-79",100400,"110-01001","Mid-year"
2013,"Male","80-84",69300,"110-01001","Mid-year"
2013,"Male","85+",47100,"110-01001","Mid-year"
2014,"Female","35-39",329500,"110-01001","Mid-year"
2014,"Female","40-44",338400,"110-01001","Mid-year"
2014,"Female","45-49",329100,"110-01001","Mid-year"
2014,"Female","50-54",347900,"110-01001","Mid-year"
2014,"Female","55-59",299200,"110-01001","Mid-year"
2014,"Female","60-64",232600,"110-01001","Mid-year"
2014,"Female","65-69",163300,"110-01001","Mid-year"
2014,"Female","70-74",101900,"110-01001","Mid-year"
2014,"Female","75-79",109400,"110-01001","Mid-year"
2014,"Female","80-84",91400,"110-01001","Mid-year"
2014,"Female","85+",101900,"110-01001","Mid-year"
2014,"Male","35-39",226800,"110-01001","Mid-year"
2014,"Male","40-44",239700,"110-01001","Mid-year"
2014,"Male","45-49",258000,"110-01001","Mid-year"
2014,"Male","50-54",310600,"110-01001","Mid-year"
2014,"Male","55-59",291600,"110-01001","Mid-year"
2014,"Male","60-64",227500,"110-01001","Mid-year"
2014,"Male","65-69",163000,"110-01001","Mid-year"
2014,"Male","70-74",109600,"110-01001","Mid-year"
2014,"Male","75-79",99900,"110-01001","Mid-year"
2014,"Male","80-84",73300,"110-01001","Mid-year"
2014,"Male","85+",50100,"110-01001","Mid-year"
2015,"Female","35-39",334000,"110-01001","Mid-year"
2015,"Female","40-44",339100,"110-01001","Mid-year"
2015,"Female","45-49",323800,"110-01001","Mid-year"
2015,"Female","50-54",351300,"110-01001","Mid-year"
2015,"Female","55-59",309400,"110-01001","Mid-year"
2015,"Female","60-64",239800,"110-01001","Mid-year"
2015,"Female","65-69",182800,"110-01001","Mid-year"
2015,"Female","70-74",103400,"110-01001","Mid-year"
2015,"Female","75-79",108300,"110-01001","Mid-year"
2015,"Female","80-84",92400,"110-01001","Mid-year"
2015,"Female","85+",107700,"110-01001","Mid-year"
2015,"Male","35-39",225300,"110-01001","Mid-year"
2015,"Male","40-44",239200,"110-01001","Mid-year"
2015,"Male","45-49",246100,"110-01001","Mid-year"
2015,"Male","50-54",303800,"110-01001","Mid-year"
2015,"Male","55-59",300900,"110-01001","Mid-year"
2015,"Male","60-64",234100,"110-01001","Mid-year"
2015,"Male","65-69",180300,"110-01001","Mid-year"
2015,"Male","70-74",110300,"110-01001","Mid-year"
2015,"Male","75-79",101200,"110-01001","Mid-year"
2015,"Male","80-84",73800,"110-01001","Mid-year"
2015,"Male","85+",54400,"110-01001","Mid-year"
2016,"Female","35-39",343300,"110-01001","Mid-year"
2016,"Female","40-44",335200,"110-01001","Mid-year"
2016,"Female","45-49",326800,"110-01001","Mid-year"
2016,"Female","50-54",350200,"110-01001","Mid-year"
2016,"Female","55-59",316200,"110-01001","Mid-year"
2016,"Female","60-64",251200,"110-01001","Mid-year"
2016,"Female","65-69",199200,"110-01001","Mid-year"
2016,"Female","70-74",108600,"110-01001","Mid-year"
2016,"Female","75-79",105200,"110-01001","Mid-year"
2016,"Female","80-84",92900,"110-01001","Mid-year"
2016,"Female","85+",114300,"110-01001","Mid-year"
2016,"Male","35-39",228000,"110-01001","Mid-year"
2016,"Male","40-44",234600,"110-01001","Mid-year"
2016,"Male","45-49",240200,"110-01001","Mid-year"
2016,"Male","50-54",292900,"110-01001","Mid-year"
2016,"Male","55-59",306800,"110-01001","Mid-year"
2016,"Male","60-64",244100,"110-01001","Mid-year"
2016,"Male","65-69",196500,"110-01001","Mid-year"
2016,"Male","70-74",112200,"110-01001","Mid-year"
2016,"Male","75-79",101200,"110-01001","Mid-year"
2016,"Male","80-84",74100,"110-01001","Mid-year"
2016,"Male","85+",59000,"110-01001","Mid-year"
2017,"Female","35-39",352500,"110-01001","Mid-year"
2017,"Female","40-44",338500,"110-01001","Mid-year"
2017,"Female","45-49",334100,"110-01001","Mid-year"
2017,"Female","50-54",344600,"110-01001","Mid-year"
2017,"Female","55-59",323600,"110-01001","Mid-year"
2017,"Female","60-64",267200,"110-01001","Mid-year"
2017,"Female","65-69",209300,"110-01001","Mid-year"
2017,"Female","70-74",124700,"110-01001","Mid-year"
2017,"Female","75-79",99100,"110-01001","Mid-year"
2017,"Female","80-84",94100,"110-01001","Mid-year"
2017,"Female","85+",119900,"110-01001","Mid-year"
2017,"Male","35-39",232200,"110-01001","Mid-year"
2017,"Male","40-44",234700,"110-01001","Mid-year"
2017,"Male","45-49",241100,"110-01001","Mid-year"
2017,"Male","50-54",280900,"110-01001","Mid-year"
2017,"Male","55-59",307700,"110-01001","Mid-year"
2017,"Male","60-64",258900,"110-01001","Mid-year"
2017,"Male","65-69",205000,"110-01001","Mid-year"
2017,"Male","70-74",124600,"110-01001","Mid-year"
2017,"Male","75-79",97900,"110-01001","Mid-year"
2017,"Male","80-84",76700,"110-01001","Mid-year"
2017,"Male","85+",63800,"110-01001","Mid-year"
2018,"Female","35-39",363500,"110-01001","Mid-year"
2018,"Female","40-44",338200,"110-01001","Mid-year"
2018,"Female","45-49",341000,"110-01001","Mid-year"
2018,"Female","50-54",333800,"110-01001","Mid-year"
2018,"Female","55-59",337700,"110-01001","Mid-year"
2018,"Female","60-64",285300,"110-01001","Mid-year"
2018,"Female","65-69",219500,"110-01001","Mid-year"
2018,"Female","70-74",140600,"110-01001","Mid-year"
2018,"Female","75-79",94900,"110-01001","Mid-year"
2018,"Female","80-84",93700,"110-01001","Mid-year"
2018,"Female","85+",126300,"110-01001","Mid-year"
2018,"Male","35-39",237700,"110-01001","Mid-year"
2018,"Male","40-44",232000,"110-01001","Mid-year"
2018,"Male","45-49",243100,"110-01001","Mid-year"
2018,"Male","50-54",266900,"110-01001","Mid-year"
2018,"Male","55-59",308800,"110-01001","Mid-year"
2018,"Male","60-64",275300,"110-01001","Mid-year"
2018,"Male","65-69",212300,"110-01001","Mid-year"
2018,"Male","70-74",137800,"110-01001","Mid-year"
2018,"Male","75-79",95600,"110-01001","Mid-year"
2018,"Male","80-84",78700,"110-01001","Mid-year"
2018,"Male","85+",68900,"110-01001","Mid-year"
2019,"Female","35-39",369200,"110-01001","Mid-year"
2019,"Female","40-44",340800,"110-01001","Mid-year"
2019,"Female","45-49",346800,"110-01001","Mid-year"
2019,"Female","50-54",331700,"110-01001","Mid-year"
2019,"Female","55-59",347000,"110-01001","Mid-year"
2019,"Female","60-64",298500,"110-01001","Mid-year"
2019,"Female","65-69",230700,"110-01001","Mid-year"
2019,"Female","70-74",157700,"110-01001","Mid-year"
2019,"Female","75-79",93400,"110-01001","Mid-year"
2019,"Female","80-84",92600,"110-01001","Mid-year"
2019,"Female","85+",132200,"110-01001","Mid-year"
2019,"Male","35-39",240300,"110-01001","Mid-year"
2019,"Male","40-44",231900,"110-01001","Mid-year"
2019,"Male","45-49",246100,"110-01001","Mid-year"
2019,"Male","50-54",258100,"110-01001","Mid-year"
2019,"Male","55-59",305300,"110-01001","Mid-year"
2019,"Male","60-64",287000,"110-01001","Mid-year"
2019,"Male","65-69",220200,"110-01001","Mid-year"
2019,"Male","70-74",152700,"110-01001","Mid-year"
2019,"Male","75-79",94900,"110-01001","Mid-year"
2019,"Male","80-84",79300,"110-01001","Mid-year"
2019,"Male","85+",73800,"110-01001","Mid-year"
2020,"Female","35-39",364300,"110-01001","Mid-year"
2020,"Female","40-44",346100,"110-01001","Mid-year"
2020,"Female","45-49",345100,"110-01001","Mid-year"
2020,"Female","50-54",327100,"110-01001","Mid-year"
2020,"Female","55-59",348000,"110-01001","Mid-year"
2020,"Female","60-64",307200,"110-01001","Mid-year"
2020,"Female","65-69",238200,"110-01001","Mid-year"
2020,"Female","70-74",173700,"110-01001","Mid-year"
2020,"Female","75-79",92600,"110-01001","Mid-year"
2020,"Female","80-84",89600,"110-01001","Mid-year"
2020,"Female","85+",138000,"110-01001","Mid-year"
2020,"Male","35-39",240100,"110-01001","Mid-year"
2020,"Male","40-44",233600,"110-01001","Mid-year"
2020,"Male","45-49",246000,"110-01001","Mid-year"
2020,"Male","50-54",248800,"110-01001","Mid-year"
2020,"Male","55-59",297000,"110-01001","Mid-year"
2020,"Male","60-64",297900,"110-01001","Mid-year"
2020,"Male","65-69",227700,"110-01001","Mid-year"
2020,"Male","70-74",168800,"110-01001","Mid-year"
2020,"Male","75-79",92200,"110-01001","Mid-year"
2020,"Male","80-84",80500,"110-01001","Mid-year"
2020,"Male","85+",80100,"110-01001","Mid-year"
2021,"Female","35-39",353200,"110-01001","Mid-year"
2021,"Female","40-44",351600,"110-01001","Mid-year"
2021,"Female","45-49",340800,"110-01001","Mid-year"
2021,"Female","50-54",330200,"110-01001","Mid-year"
2021,"Female","55-59",346000,"110-01001","Mid-year"
2021,"Female","60-64",313600,"110-01001","Mid-year"
2021,"Female","65-69",252700,"110-01001","Mid-year"
2021,"Female","70-74",188800,"110-01001","Mid-year"
2021,"Female","75-79",100500,"110-01001","Mid-year"
2021,"Female","80-84",85500,"110-01001","Mid-year"
2021,"Female","85+",141700,"110-01001","Mid-year"
2021,"Male","35-39",234500,"110-01001","Mid-year"
2021,"Male","40-44",235000,"110-01001","Mid-year"
2021,"Male","45-49",242200,"110-01001","Mid-year"
2021,"Male","50-54",245000,"110-01001","Mid-year"
2021,"Male","55-59",284900,"110-01001","Mid-year"
2021,"Male","60-64",300300,"110-01001","Mid-year"
2021,"Male","65-69",239500,"110-01001","Mid-year"
2021,"Male","70-74",182000,"110-01001","Mid-year"
2021,"Male","75-79",96600,"110-01001","Mid-year"
2021,"Male","80-84",79700,"110-01001","Mid-year"
2021,"Male","85+",84500,"110-01001","Mid-year"
2022,"Female","35-39",333700,"110-01001","Mid-year"
2022,"Female","40-44",350100,"110-01001","Mid-year"
2022,"Female","45-49",331800,"110-01001","Mid-year"
2022,"Female","50-54",333100,"110-01001","Mid-year"
2022,"Female","55-59",335200,"110-01001","Mid-year"
2022,"Female","60-64",324500,"110-01001","Mid-year"
2022,"Female","65-69",269400,"110-01001","Mid-year"
2022,"Female","70-74",202100,"110-01001","Mid-year"
2022,"Female","75-79",114100,"110-01001","Mid-year"
2022,"Female","80-84",82200,"110-01001","Mid-year"
2022,"Female","85+",143500,"110-01001","Mid-year"
2022,"Male","35-39",227300,"110-01001","Mid-year"
2022,"Male","40-44",234600,"110-01001","Mid-year"
2022,"Male","45-49",234800,"110-01001","Mid-year"
2022,"Male","50-54",243700,"110-01001","Mid-year"
2022,"Male","55-59",270700,"110-01001","Mid-year"
2022,"Male","60-64",303600,"110-01001","Mid-year"
2022,"Male","65-69",254100,"110-01001","Mid-year"
2022,"Male","70-74",192900,"110-01001","Mid-year"
2022,"Male","75-79",107000,"110-01001","Mid-year"
2022,"Male","80-84",77100,"110-01001","Mid-year"
2022,"Male","85+",86500,"110-01001","Mid-year"
2023,"Female","35-39",333000,"110-01001","Mid-year"
2023,"Female","40-44",361400,"110-01001","Mid-year"
2023,"Female","45-49",332500,"110-01001","Mid-year"
2023,"Female","50-54",341300,"110-01001","Mid-year"
2023,"Female","55-59",329500,"110-01001","Mid-year"
2023,"Female","60-64",340700,"110-01001","Mid-year"
2023,"Female","65-69",292500,"110-01001","Mid-year"
2023,"Female","70-74",219300,"110-01001","Mid-year"
2023,"Female","75-79",132100,"110-01001","Mid-year"
2023,"Female","80-84",81300,"110-01001","Mid-year"
2023,"Female","85+",146300,"110-01001","Mid-year"
2023,"Male","35-39",231800,"110-01001","Mid-year"
2023,"Male","40-44",238800,"110-01001","Mid-year"
2023,"Male","45-49",234400,"110-01001","Mid-year"
2023,"Male","50-54",246400,"110-01001","Mid-year"
2023,"Male","55-59",262300,"110-01001","Mid-year"
2023,"Male","60-64",305900,"110-01001","Mid-year"
2023,"Male","65-69",276000,"110-01001","Mid-year"
2023,"Male","70-74",205500,"110-01001","Mid-year"
2023,"Male","75-79",122000,"110-01001","Mid-year"
2023,"Male","80-84",77300,"110-01001","Mid-year"
2023,"Male","85+",89600,"110-01001","Mid-year"
2024,"Female","35-39",331100,"110-01001","Mid-year"
2024,"Female","40-44",363100,"110-01001","Mid-year"
2024,"Female","45-49",330900,"110-01001","Mid-year"
2024,"Female","50-54",344000,"110-01001","Mid-year"
2024,"Female","55-59",323000,"110-01001","Mid-year"
2024,"Female","60-64",346400,"110-01001","Mid-year"
2024,"Female","65-69",300900,"110-01001","Mid-year"
2024,"Female","70-74",230300,"110-01001","Mid-year"
2024,"Female","75-79",151600,"110-01001","Mid-year"
2024,"Female","80-84",81700,"110-01001","Mid-year"
2024,"Female","85+",149200,"110-01001","Mid-year"
2024,"Male","35-39",232800,"110-01001","Mid-year"
2024,"Male","40-44",238900,"110-01001","Mid-year"
2024,"Male","45-49",230400,"110-01001","Mid-year"
2024,"Male","50-54",246000,"110-01001","Mid-year"
2024,"Male","55-59",251700,"110-01001","Mid-year"
2024,"Male","60-64",299800,"110-01001","Mid-year"
2024,"Male","65-69",283800,"110-01001","Mid-year"
2024,"Male","70-74",212100,"110-01001","Mid-year"
2024,"Male","75-79",139300,"110-01001","Mid-year"
2024,"Male","80-84",76000,"110-01001","Mid-year"
2024,"Male","85+",94000,"110-01001","Mid-year"
2025,"Female","35-39",326600,"110-01001","Mid-year"
2025,"Female","40-44",364900,"110-01001","Mid-year"
2025,"Female","45-49",339500,"110-01001","Mid-year"
2025,"Female","50-54",341700,"110-01001","Mid-year"
2025,"Female","55-59",322700,"110-01001","Mid-year"
2025,"Female","60-64",344900,"110-01001","Mid-year"
2025,"Female","65-69",308100,"110-01001","Mid-year"
2025,"Female","70-74",239300,"110-01001","Mid-year"
2025,"Female","75-79",168600,"110-01001","Mid-year"
2025,"Female","80-84",82600,"110-01001","Mid-year"
2025,"Female","85+",149700,"110-01001","Mid-year"
2025,"Male","35-39",237000,"110-01001","Mid-year"
2025,"Male","40-44",241800,"110-01001","Mid-year"
2025,"Male","45-49",231600,"110-01001","Mid-year"
2025,"Male","50-54",244200,"110-01001","Mid-year"
2025,"Male","55-59",244600,"110-01001","Mid-year"
2025,"Male","60-64",288100,"110-01001","Mid-year"
2025,"Male","65-69",290100,"110-01001","Mid-year"
2025,"Male","70-74",219000,"110-01001","Mid-year"
2025,"Male","75-79",154700,"110-01001","Mid-year"
2025,"Male","80-84",74000,"110-01001","Mid-year"
2025,"Male","85+",95500,"110-01001","Mid-year"
