"month_id","NO2","O3","PM25","PM10","completeness_NO2","completeness_O3","completeness_PM10","completeness_PM25","data_status","station_set","unit","notes"
"2013-01",70.9090909090909,40.5454545454545,48.4545454545455,69.4545454545455,1,1,1,1,"EPD_GENERAL_STATIONS","general_unweighted_mean","ug_m3","Official EPD EPIC monthly averages; unweighted mean of general stations; month set to NA if station completeness < threshold"
"2013-02",54.1818181818182,38.8181818181818,26.5454545454545,39.7272727272727,1,1,1,1,"EPD_GENERAL_STATIONS","general_unweighted_mean","ug_m3","Official EPD EPIC monthly averages; unweighted mean of general stations; month set to NA if station completeness < threshold"
"2013-03",64.8181818181818,38.5454545454545,29.8181818181818,47.6363636363636,1,1,1,1,"EPD_GENERAL_STATIONS","general_unweighted_mean","ug_m3","Official EPD EPIC monthly averages; unweighted mean of general stations; month set to NA if station completeness < threshold"
"2013-04",59.9090909090909,50.2727272727273,33.4545454545455,48,1,1,1,1,"EPD_GENERAL_STATIONS","general_unweighted_mean","ug_m3","Official EPD EPIC monthly averages; unweighted mean of general stations; month set to NA if station completeness < threshold"
"2013-05",49.9090909090909,31.7272727272727,17.7272727272727,27.0909090909091,1,1,1,1,"EPD_GENERAL_STATIONS","general_unweighted_mean","ug_m3","Official EPD EPIC monthly averages; unweighted mean of general stations; month set to NA if station completeness < threshold"
"2013-06",38.4545454545455,25.9090909090909,13.6363636363636,23.2727272727273,1,1,1,1,"EPD_GENERAL_STATIONS","general_unweighted_mean","ug_m3","Official EPD EPIC monthly averages; unweighted mean of general stations; month set to NA if station completeness < threshold"
"2013-07",34.7272727272727,21.7272727272727,10.1,18.7,1,1,0.909090909090909,0.909090909090909,"EPD_GENERAL_STATIONS","general_unweighted_mean","ug_m3","Official EPD EPIC monthly averages; unweighted mean of general stations; month set to NA if station completeness < threshold"
"2013-08",44.0909090909091,28.8181818181818,17.4,29.5,1,1,0.909090909090909,0.909090909090909,"EPD_GENERAL_STATIONS","general_unweighted_mean","ug_m3","Official EPD EPIC monthly averages; unweighted mean of general stations; month set to NA if station completeness < threshold"
"2013-09",43.2727272727273,50,24.6,39.3,1,1,0.909090909090909,0.909090909090909,"EPD_GENERAL_STATIONS","general_unweighted_mean","ug_m3","Official EPD EPIC monthly averages; unweighted mean of general stations; month set to NA if station completeness < threshold"
"2013-10",60.4545454545455,83.5454545454545,49.6,76.5,1,1,0.909090909090909,0.909090909090909,"EPD_GENERAL_STATIONS","general_unweighted_mean","ug_m3","Official EPD EPIC monthly averages; unweighted mean of general stations; month set to NA if station completeness < threshold"
"2013-11",53,52.9090909090909,35.7,60.7,1,1,0.909090909090909,0.909090909090909,"EPD_GENERAL_STATIONS","general_unweighted_mean","ug_m3","Official EPD EPIC monthly averages; unweighted mean of general stations; month set to NA if station completeness < threshold"
"2013-12",70.9090909090909,48.4545454545455,62.9,85.2,1,1,0.909090909090909,0.909090909090909,"EPD_GENERAL_STATIONS","general_unweighted_mean","ug_m3","Official EPD EPIC monthly averages; unweighted mean of general stations; month set to NA if station completeness < threshold"
"2014-01",72.0833333333333,54.5,53.4166666666667,78.8333333333333,1,1,1,1,"EPD_GENERAL_STATIONS","general_unweighted_mean","ug_m3","Official EPD EPIC monthly averages; unweighted mean of general stations; month set to NA if station completeness < threshold"
"2014-02",48.5,38.5833333333333,28.6666666666667,41.5,1,1,1,1,"EPD_GENERAL_STATIONS","general_unweighted_mean","ug_m3","Official EPD EPIC monthly averages; unweighted mean of general stations; month set to NA if station completeness < threshold"
"2014-03",53.3333333333333,42.25,33.5,50.5,1,1,1,1,"EPD_GENERAL_STATIONS","general_unweighted_mean","ug_m3","Official EPD EPIC monthly averages; unweighted mean of general stations; month set to NA if station completeness < threshold"
"2014-04",52.25,54.5833333333333,28.8181818181818,43.25,1,1,1,0.916666666666667,"EPD_GENERAL_STATIONS","general_unweighted_mean","ug_m3","Official EPD EPIC monthly averages; unweighted mean of general stations; month set to NA if station completeness < threshold"
"2014-05",40.25,33.5,14.5454545454545,24,1,1,1,0.916666666666667,"EPD_GENERAL_STATIONS","general_unweighted_mean","ug_m3","Official EPD EPIC monthly averages; unweighted mean of general stations; month set to NA if station completeness < threshold"
"2014-06",41.25,38.5833333333333,18,28.25,1,1,1,1,"EPD_GENERAL_STATIONS","general_unweighted_mean","ug_m3","Official EPD EPIC monthly averages; unweighted mean of general stations; month set to NA if station completeness < threshold"
"2014-07",41.25,30.1666666666667,16.8333333333333,26.3333333333333,1,1,1,1,"EPD_GENERAL_STATIONS","general_unweighted_mean","ug_m3","Official EPD EPIC monthly averages; unweighted mean of general stations; month set to NA if station completeness < threshold"
"2014-08",38.1666666666667,25.0833333333333,12.3333333333333,20.75,1,1,1,1,"EPD_GENERAL_STATIONS","general_unweighted_mean","ug_m3","Official EPD EPIC monthly averages; unweighted mean of general stations; month set to NA if station completeness < threshold"
"2014-09",46.5,44.3333333333333,23.5,35,1,1,1,1,"EPD_GENERAL_STATIONS","general_unweighted_mean","ug_m3","Official EPD EPIC monthly averages; unweighted mean of general stations; month set to NA if station completeness < threshold"
"2014-10",50.1666666666667,84.6666666666667,39.1666666666667,61,1,1,1,1,"EPD_GENERAL_STATIONS","general_unweighted_mean","ug_m3","Official EPD EPIC monthly averages; unweighted mean of general stations; month set to NA if station completeness < threshold"
"2014-11",49.5454545454545,52.1818181818182,33.8181818181818,49.6363636363636,0.916666666666667,0.916666666666667,0.916666666666667,0.916666666666667,"EPD_GENERAL_STATIONS","general_unweighted_mean","ug_m3","Official EPD EPIC monthly averages; unweighted mean of general stations; month set to NA if station completeness < threshold"
"2014-12",56.1818181818182,46.0909090909091,39.8181818181818,61.2727272727273,0.916666666666667,0.916666666666667,0.916666666666667,0.916666666666667,"EPD_GENERAL_STATIONS","general_unweighted_mean","ug_m3","Official EPD EPIC monthly averages; unweighted mean of general stations; month set to NA if station completeness < threshold"
"2015-01",62.3333333333333,52.25,43.5833333333333,63.75,1,1,1,1,"EPD_GENERAL_STATIONS","general_unweighted_mean","ug_m3","Official EPD EPIC monthly averages; unweighted mean of general stations; month set to NA if station completeness < threshold"
"2015-02",55.6666666666667,50.6666666666667,46.4166666666667,67.0833333333333,1,1,1,1,"EPD_GENERAL_STATIONS","general_unweighted_mean","ug_m3","Official EPD EPIC monthly averages; unweighted mean of general stations; month set to NA if station completeness < threshold"
"2015-03",48.5,42.1666666666667,28.3333333333333,42.1666666666667,1,1,1,1,"EPD_GENERAL_STATIONS","general_unweighted_mean","ug_m3","Official EPD EPIC monthly averages; unweighted mean of general stations; month set to NA if station completeness < threshold"
"2015-04",49,43.5833333333333,22.5833333333333,35.9166666666667,1,1,1,1,"EPD_GENERAL_STATIONS","general_unweighted_mean","ug_m3","Official EPD EPIC monthly averages; unweighted mean of general stations; month set to NA if station completeness < threshold"
"2015-05",39.4166666666667,30.75,12.5,22,1,1,1,1,"EPD_GENERAL_STATIONS","general_unweighted_mean","ug_m3","Official EPD EPIC monthly averages; unweighted mean of general stations; month set to NA if station completeness < threshold"
"2015-06",30.6666666666667,25.4166666666667,9.16666666666667,16.6666666666667,1,1,1,1,"EPD_GENERAL_STATIONS","general_unweighted_mean","ug_m3","Official EPD EPIC monthly averages; unweighted mean of general stations; month set to NA if station completeness < threshold"
"2015-07",39.5,43,15.9166666666667,26.5833333333333,1,1,1,1,"EPD_GENERAL_STATIONS","general_unweighted_mean","ug_m3","Official EPD EPIC monthly averages; unweighted mean of general stations; month set to NA if station completeness < threshold"
"2015-08",49.75,37.5,21.5,31.8333333333333,1,1,1,1,"EPD_GENERAL_STATIONS","general_unweighted_mean","ug_m3","Official EPD EPIC monthly averages; unweighted mean of general stations; month set to NA if station completeness < threshold"
"2015-09",41.3333333333333,59.1666666666667,22.4166666666667,32.5833333333333,1,1,1,1,"EPD_GENERAL_STATIONS","general_unweighted_mean","ug_m3","Official EPD EPIC monthly averages; unweighted mean of general stations; month set to NA if station completeness < threshold"
"2015-10",48.6666666666667,64,29.4166666666667,44.25,1,1,1,1,"EPD_GENERAL_STATIONS","general_unweighted_mean","ug_m3","Official EPD EPIC monthly averages; unweighted mean of general stations; month set to NA if station completeness < threshold"
"2015-11",41.5833333333333,53.6666666666667,23.5833333333333,38.1666666666667,1,1,1,1,"EPD_GENERAL_STATIONS","general_unweighted_mean","ug_m3","Official EPD EPIC monthly averages; unweighted mean of general stations; month set to NA if station completeness < threshold"
"2015-12",50.5454545454545,30.3636363636364,27,41.3636363636364,0.916666666666667,0.916666666666667,0.916666666666667,0.916666666666667,"EPD_GENERAL_STATIONS","general_unweighted_mean","ug_m3","Official EPD EPIC monthly averages; unweighted mean of general stations; month set to NA if station completeness < threshold"
"2016-01",49.1818181818182,33.9090909090909,25.7272727272727,36.2727272727273,0.846153846153846,0.846153846153846,0.846153846153846,0.846153846153846,"EPD_GENERAL_STATIONS","general_unweighted_mean","ug_m3","Official EPD EPIC monthly averages; unweighted mean of general stations; month set to NA if station completeness < threshold"
"2016-02",49.0909090909091,33.7272727272727,28.1818181818182,43.7272727272727,0.846153846153846,0.846153846153846,0.846153846153846,0.846153846153846,"EPD_GENERAL_STATIONS","general_unweighted_mean","ug_m3","Official EPD EPIC monthly averages; unweighted mean of general stations; month set to NA if station completeness < threshold"
"2016-03",52.9166666666667,43.8333333333333,28,41.9166666666667,0.923076923076923,0.923076923076923,0.923076923076923,0.923076923076923,"EPD_GENERAL_STATIONS","general_unweighted_mean","ug_m3","Official EPD EPIC monthly averages; unweighted mean of general stations; month set to NA if station completeness < threshold"
"2016-04",47,39.1538461538462,21.0769230769231,32.3076923076923,1,1,1,1,"EPD_GENERAL_STATIONS","general_unweighted_mean","ug_m3","Official EPD EPIC monthly averages; unweighted mean of general stations; month set to NA if station completeness < threshold"
"2016-05",36.3076923076923,51.0769230769231,17.5384615384615,27.4615384615385,1,1,1,1,"EPD_GENERAL_STATIONS","general_unweighted_mean","ug_m3","Official EPD EPIC monthly averages; unweighted mean of general stations; month set to NA if station completeness < threshold"
"2016-06",34.5384615384615,27.1538461538462,9.38461538461539,17.3076923076923,1,1,1,1,"EPD_GENERAL_STATIONS","general_unweighted_mean","ug_m3","Official EPD EPIC monthly averages; unweighted mean of general stations; month set to NA if station completeness < threshold"
"2016-07",36.2307692307692,31.0769230769231,13.3076923076923,21.9230769230769,1,1,1,1,"EPD_GENERAL_STATIONS","general_unweighted_mean","ug_m3","Official EPD EPIC monthly averages; unweighted mean of general stations; month set to NA if station completeness < threshold"
"2016-08",44.6153846153846,41.8461538461538,17.5,27,1,1,0.923076923076923,0.923076923076923,"EPD_GENERAL_STATIONS","general_unweighted_mean","ug_m3","Official EPD EPIC monthly averages; unweighted mean of general stations; month set to NA if station completeness < threshold"
"2016-09",45.3846153846154,51.3846153846154,21.8461538461538,33.8461538461538,1,1,1,1,"EPD_GENERAL_STATIONS","general_unweighted_mean","ug_m3","Official EPD EPIC monthly averages; unweighted mean of general stations; month set to NA if station completeness < threshold"
"2016-10",35.4615384615385,42.0769230769231,19.25,28.9166666666667,1,1,0.923076923076923,0.923076923076923,"EPD_GENERAL_STATIONS","general_unweighted_mean","ug_m3","Official EPD EPIC monthly averages; unweighted mean of general stations; month set to NA if station completeness < threshold"
"2016-11",42.7692307692308,46,23.0769230769231,35.0769230769231,1,1,1,1,"EPD_GENERAL_STATIONS","general_unweighted_mean","ug_m3","Official EPD EPIC monthly averages; unweighted mean of general stations; month set to NA if station completeness < threshold"
"2016-12",52.6153846153846,54.4615384615385,35.25,54.1666666666667,1,1,0.923076923076923,0.923076923076923,"EPD_GENERAL_STATIONS","general_unweighted_mean","ug_m3","Official EPD EPIC monthly averages; unweighted mean of general stations; month set to NA if station completeness < threshold"
"2017-01",45.2307692307692,51.3076923076923,30,44.5384615384615,1,1,1,1,"EPD_GENERAL_STATIONS","general_unweighted_mean","ug_m3","Official EPD EPIC monthly averages; unweighted mean of general stations; month set to NA if station completeness < threshold"
"2017-02",43.2307692307692,56.0769230769231,26.7692307692308,39.9230769230769,1,1,1,1,"EPD_GENERAL_STATIONS","general_unweighted_mean","ug_m3","Official EPD EPIC monthly averages; unweighted mean of general stations; month set to NA if station completeness < threshold"
"2017-03",44.8461538461538,63.3846153846154,28,46.2307692307692,1,1,1,1,"EPD_GENERAL_STATIONS","general_unweighted_mean","ug_m3","Official EPD EPIC monthly averages; unweighted mean of general stations; month set to NA if station completeness < threshold"
"2017-04",42.5384615384615,51.0769230769231,22.4615384615385,35.1666666666667,1,1,0.923076923076923,1,"EPD_GENERAL_STATIONS","general_unweighted_mean","ug_m3","Official EPD EPIC monthly averages; unweighted mean of general stations; month set to NA if station completeness < threshold"
"2017-05",45,61.8461538461538,21.1538461538462,31.8461538461538,1,1,1,1,"EPD_GENERAL_STATIONS","general_unweighted_mean","ug_m3","Official EPD EPIC monthly averages; unweighted mean of general stations; month set to NA if station completeness < threshold"
"2017-06",30.3076923076923,23.9230769230769,9.30769230769231,17.3846153846154,1,1,1,1,"EPD_GENERAL_STATIONS","general_unweighted_mean","ug_m3","Official EPD EPIC monthly averages; unweighted mean of general stations; month set to NA if station completeness < threshold"
"2017-07",28.4615384615385,28.8461538461538,10.6923076923077,17.2307692307692,1,1,1,1,"EPD_GENERAL_STATIONS","general_unweighted_mean","ug_m3","Official EPD EPIC monthly averages; unweighted mean of general stations; month set to NA if station completeness < threshold"
"2017-08",35.4615384615385,31.2307692307692,12.6153846153846,21.4615384615385,1,1,1,1,"EPD_GENERAL_STATIONS","general_unweighted_mean","ug_m3","Official EPD EPIC monthly averages; unweighted mean of general stations; month set to NA if station completeness < threshold"
"2017-09",42.6153846153846,51,19.5384615384615,29.9230769230769,1,1,1,1,"EPD_GENERAL_STATIONS","general_unweighted_mean","ug_m3","Official EPD EPIC monthly averages; unweighted mean of general stations; month set to NA if station completeness < threshold"
"2017-10",35,70.4615384615385,22.4615384615385,38.2307692307692,1,1,1,1,"EPD_GENERAL_STATIONS","general_unweighted_mean","ug_m3","Official EPD EPIC monthly averages; unweighted mean of general stations; month set to NA if station completeness < threshold"
"2017-11",41.9230769230769,56.6153846153846,25.3846153846154,41.7692307692308,1,1,1,1,"EPD_GENERAL_STATIONS","general_unweighted_mean","ug_m3","Official EPD EPIC monthly averages; unweighted mean of general stations; month set to NA if station completeness < threshold"
"2017-12",47.5384615384615,66.1538461538462,33.7692307692308,55.6153846153846,1,1,1,1,"EPD_GENERAL_STATIONS","general_unweighted_mean","ug_m3","Official EPD EPIC monthly averages; unweighted mean of general stations; month set to NA if station completeness < threshold"
"2018-01",45.4615384615385,52.2307692307692,26.6923076923077,41.6153846153846,1,1,1,1,"EPD_GENERAL_STATIONS","general_unweighted_mean","ug_m3","Official EPD EPIC monthly averages; unweighted mean of general stations; month set to NA if station completeness < threshold"
"2018-02",48.7692307692308,50,28.6923076923077,44.1538461538462,1,1,1,1,"EPD_GENERAL_STATIONS","general_unweighted_mean","ug_m3","Official EPD EPIC monthly averages; unweighted mean of general stations; month set to NA if station completeness < threshold"
"2018-03",42.8461538461538,62.0769230769231,22.4615384615385,37.2307692307692,1,1,1,1,"EPD_GENERAL_STATIONS","general_unweighted_mean","ug_m3","Official EPD EPIC monthly averages; unweighted mean of general stations; month set to NA if station completeness < threshold"
"2018-04",37.4615384615385,55.6153846153846,22.6923076923077,41.7692307692308,1,1,1,1,"EPD_GENERAL_STATIONS","general_unweighted_mean","ug_m3","Official EPD EPIC monthly averages; unweighted mean of general stations; month set to NA if station completeness < threshold"
"2018-05",32.2307692307692,41.8461538461538,13.3076923076923,22.3076923076923,1,1,1,1,"EPD_GENERAL_STATIONS","general_unweighted_mean","ug_m3","Official EPD EPIC monthly averages; unweighted mean of general stations; month set to NA if station completeness < threshold"
"2018-06",32.1538461538462,50.1538461538462,12.9230769230769,21.9230769230769,1,1,1,1,"EPD_GENERAL_STATIONS","general_unweighted_mean","ug_m3","Official EPD EPIC monthly averages; unweighted mean of general stations; month set to NA if station completeness < threshold"
"2018-07",25.5384615384615,31.1538461538462,9.61538461538461,19.1538461538462,1,1,1,1,"EPD_GENERAL_STATIONS","general_unweighted_mean","ug_m3","Official EPD EPIC monthly averages; unweighted mean of general stations; month set to NA if station completeness < threshold"
"2018-08",39.6923076923077,46.7692307692308,15.8461538461538,24.1538461538462,1,1,1,1,"EPD_GENERAL_STATIONS","general_unweighted_mean","ug_m3","Official EPD EPIC monthly averages; unweighted mean of general stations; month set to NA if station completeness < threshold"
"2018-09",40.9166666666667,48.8333333333333,18.9166666666667,30.5833333333333,0.923076923076923,0.923076923076923,0.923076923076923,0.923076923076923,"EPD_GENERAL_STATIONS","general_unweighted_mean","ug_m3","Official EPD EPIC monthly averages; unweighted mean of general stations; month set to NA if station completeness < threshold"
"2018-10",42,85.7692307692308,24.5384615384615,42.7692307692308,1,1,1,1,"EPD_GENERAL_STATIONS","general_unweighted_mean","ug_m3","Official EPD EPIC monthly averages; unweighted mean of general stations; month set to NA if station completeness < threshold"
"2018-11",38.3846153846154,60.8461538461538,22,36.2307692307692,1,1,1,1,"EPD_GENERAL_STATIONS","general_unweighted_mean","ug_m3","Official EPD EPIC monthly averages; unweighted mean of general stations; month set to NA if station completeness < threshold"
"2018-12",42.6923076923077,37.3076923076923,21.4615384615385,36.8461538461538,1,1,1,1,"EPD_GENERAL_STATIONS","general_unweighted_mean","ug_m3","Official EPD EPIC monthly averages; unweighted mean of general stations; month set to NA if station completeness < threshold"
"2019-01",55.3846153846154,47.0769230769231,30.7692307692308,48.9230769230769,1,1,1,1,"EPD_GENERAL_STATIONS","general_unweighted_mean","ug_m3","Official EPD EPIC monthly averages; unweighted mean of general stations; month set to NA if station completeness < threshold"
"2019-02",35.6153846153846,46.3076923076923,17.3846153846154,28.7692307692308,1,1,1,1,"EPD_GENERAL_STATIONS","general_unweighted_mean","ug_m3","Official EPD EPIC monthly averages; unweighted mean of general stations; month set to NA if station completeness < threshold"
"2019-03",38.8461538461538,56.3846153846154,18.1538461538462,29.4615384615385,1,1,1,1,"EPD_GENERAL_STATIONS","general_unweighted_mean","ug_m3","Official EPD EPIC monthly averages; unweighted mean of general stations; month set to NA if station completeness < threshold"
"2019-04",36.2307692307692,55.3846153846154,16.6153846153846,25.2307692307692,1,1,1,1,"EPD_GENERAL_STATIONS","general_unweighted_mean","ug_m3","Official EPD EPIC monthly averages; unweighted mean of general stations; month set to NA if station completeness < threshold"
"2019-05",32.4615384615385,62.4615384615385,14.6923076923077,25.2307692307692,1,1,1,1,"EPD_GENERAL_STATIONS","general_unweighted_mean","ug_m3","Official EPD EPIC monthly averages; unweighted mean of general stations; month set to NA if station completeness < threshold"
"2019-06",31.6923076923077,36.5384615384615,9.15384615384615,16,1,1,1,1,"EPD_GENERAL_STATIONS","general_unweighted_mean","ug_m3","Official EPD EPIC monthly averages; unweighted mean of general stations; month set to NA if station completeness < threshold"
"2019-07",29.3846153846154,36.6153846153846,12.5384615384615,22.8461538461538,1,1,1,1,"EPD_GENERAL_STATIONS","general_unweighted_mean","ug_m3","Official EPD EPIC monthly averages; unweighted mean of general stations; month set to NA if station completeness < threshold"
"2019-08",33.7692307692308,50.8461538461538,14.6923076923077,23.7692307692308,1,1,1,1,"EPD_GENERAL_STATIONS","general_unweighted_mean","ug_m3","Official EPD EPIC monthly averages; unweighted mean of general stations; month set to NA if station completeness < threshold"
"2019-09",36.9230769230769,83.7692307692308,20.0769230769231,32.7692307692308,1,1,1,1,"EPD_GENERAL_STATIONS","general_unweighted_mean","ug_m3","Official EPD EPIC monthly averages; unweighted mean of general stations; month set to NA if station completeness < threshold"
"2019-10",38.1538461538462,93.1538461538462,25.7692307692308,41,1,1,1,1,"EPD_GENERAL_STATIONS","general_unweighted_mean","ug_m3","Official EPD EPIC monthly averages; unweighted mean of general stations; month set to NA if station completeness < threshold"
"2019-11",43.2307692307692,86.4615384615385,25.6923076923077,48.3076923076923,1,1,1,1,"EPD_GENERAL_STATIONS","general_unweighted_mean","ug_m3","Official EPD EPIC monthly averages; unweighted mean of general stations; month set to NA if station completeness < threshold"
"2019-12",49.3846153846154,57.4615384615385,24.5384615384615,42.9230769230769,1,1,1,1,"EPD_GENERAL_STATIONS","general_unweighted_mean","ug_m3","Official EPD EPIC monthly averages; unweighted mean of general stations; month set to NA if station completeness < threshold"
"2020-01",37.6923076923077,57.6153846153846,20,32,0.866666666666667,0.866666666666667,0.866666666666667,0.866666666666667,"EPD_GENERAL_STATIONS","general_unweighted_mean","ug_m3","Official EPD EPIC monthly averages; unweighted mean of general stations; month set to NA if station completeness < threshold"
"2020-02",32.6153846153846,54.6153846153846,16.1538461538462,27.0769230769231,0.866666666666667,0.866666666666667,0.866666666666667,0.866666666666667,"EPD_GENERAL_STATIONS","general_unweighted_mean","ug_m3","Official EPD EPIC monthly averages; unweighted mean of general stations; month set to NA if station completeness < threshold"
"2020-03",33.8461538461538,56.7692307692308,17.1538461538462,30,0.866666666666667,0.866666666666667,0.866666666666667,0.866666666666667,"EPD_GENERAL_STATIONS","general_unweighted_mean","ug_m3","Official EPD EPIC monthly averages; unweighted mean of general stations; month set to NA if station completeness < threshold"
"2020-04",37.0769230769231,66.0769230769231,17.3076923076923,29.3076923076923,0.866666666666667,0.866666666666667,0.866666666666667,0.866666666666667,"EPD_GENERAL_STATIONS","general_unweighted_mean","ug_m3","Official EPD EPIC monthly averages; unweighted mean of general stations; month set to NA if station completeness < threshold"
"2020-05",32.7692307692308,41.8461538461538,10.9230769230769,18.4615384615385,0.866666666666667,0.866666666666667,0.866666666666667,0.866666666666667,"EPD_GENERAL_STATIONS","general_unweighted_mean","ug_m3","Official EPD EPIC monthly averages; unweighted mean of general stations; month set to NA if station completeness < threshold"
"2020-06",22.8461538461538,25.8461538461538,5.30769230769231,11.4615384615385,0.866666666666667,0.866666666666667,0.866666666666667,0.866666666666667,"EPD_GENERAL_STATIONS","general_unweighted_mean","ug_m3","Official EPD EPIC monthly averages; unweighted mean of general stations; month set to NA if station completeness < threshold"
"2020-07",22.0666666666667,26.5333333333333,5.33333333333333,11,1,1,1,1,"EPD_GENERAL_STATIONS","general_unweighted_mean","ug_m3","Official EPD EPIC monthly averages; unweighted mean of general stations; month set to NA if station completeness < threshold"
"2020-08",27,37.1333333333333,9.46666666666667,16.2666666666667,1,1,1,1,"EPD_GENERAL_STATIONS","general_unweighted_mean","ug_m3","Official EPD EPIC monthly averages; unweighted mean of general stations; month set to NA if station completeness < threshold"
"2020-09",34.6,53.9333333333333,12.7333333333333,20.8666666666667,1,1,1,1,"EPD_GENERAL_STATIONS","general_unweighted_mean","ug_m3","Official EPD EPIC monthly averages; unweighted mean of general stations; month set to NA if station completeness < threshold"
"2020-10",30,80.8666666666667,18.4666666666667,35.6,1,1,1,1,"EPD_GENERAL_STATIONS","general_unweighted_mean","ug_m3","Official EPD EPIC monthly averages; unweighted mean of general stations; month set to NA if station completeness < threshold"
"2020-11",37.8,74.5333333333333,20.4,40.0666666666667,1,1,1,1,"EPD_GENERAL_STATIONS","general_unweighted_mean","ug_m3","Official EPD EPIC monthly averages; unweighted mean of general stations; month set to NA if station completeness < threshold"
"2020-12",43.6666666666667,50.2666666666667,24.8666666666667,43.6,1,1,1,1,"EPD_GENERAL_STATIONS","general_unweighted_mean","ug_m3","Official EPD EPIC monthly averages; unweighted mean of general stations; month set to NA if station completeness < threshold"
"2021-01",50.9333333333333,62.8666666666667,25.8666666666667,48.2666666666667,1,1,1,1,"EPD_GENERAL_STATIONS","general_unweighted_mean","ug_m3","Official EPD EPIC monthly averages; unweighted mean of general stations; month set to NA if station completeness < threshold"
"2021-02",40,62.6,17.6666666666667,29.6666666666667,1,1,1,1,"EPD_GENERAL_STATIONS","general_unweighted_mean","ug_m3","Official EPD EPIC monthly averages; unweighted mean of general stations; month set to NA if station completeness < threshold"
"2021-03",36.1333333333333,57.8666666666667,17.3333333333333,31.6,1,1,1,1,"EPD_GENERAL_STATIONS","general_unweighted_mean","ug_m3","Official EPD EPIC monthly averages; unweighted mean of general stations; month set to NA if station completeness < threshold"
"2021-04",32.2,76.6,15.9333333333333,31.8,1,1,1,1,"EPD_GENERAL_STATIONS","general_unweighted_mean","ug_m3","Official EPD EPIC monthly averages; unweighted mean of general stations; month set to NA if station completeness < threshold"
"2021-05",26.8666666666667,42.1333333333333,9.13333333333333,15.8,1,1,1,1,"EPD_GENERAL_STATIONS","general_unweighted_mean","ug_m3","Official EPD EPIC monthly averages; unweighted mean of general stations; month set to NA if station completeness < threshold"
"2021-06",29.6666666666667,44.8666666666667,9.73333333333333,18.3333333333333,1,1,1,1,"EPD_GENERAL_STATIONS","general_unweighted_mean","ug_m3","Official EPD EPIC monthly averages; unweighted mean of general stations; month set to NA if station completeness < threshold"
"2021-07",28.6666666666667,41.9333333333333,8.93333333333333,15.5333333333333,1,1,1,1,"EPD_GENERAL_STATIONS","general_unweighted_mean","ug_m3","Official EPD EPIC monthly averages; unweighted mean of general stations; month set to NA if station completeness < threshold"
"2021-08",31.9333333333333,31.2,8.8,14.6,1,1,1,1,"EPD_GENERAL_STATIONS","general_unweighted_mean","ug_m3","Official EPD EPIC monthly averages; unweighted mean of general stations; month set to NA if station completeness < threshold"
"2021-09",33.4666666666667,52.8,12.0666666666667,20.0666666666667,1,1,1,1,"EPD_GENERAL_STATIONS","general_unweighted_mean","ug_m3","Official EPD EPIC monthly averages; unweighted mean of general stations; month set to NA if station completeness < threshold"
"2021-10",28.4,64.2,14.1333333333333,24.7333333333333,1,1,1,1,"EPD_GENERAL_STATIONS","general_unweighted_mean","ug_m3","Official EPD EPIC monthly averages; unweighted mean of general stations; month set to NA if station completeness < threshold"
"2021-11",43.7333333333333,68.8,18.9333333333333,34,1,1,1,1,"EPD_GENERAL_STATIONS","general_unweighted_mean","ug_m3","Official EPD EPIC monthly averages; unweighted mean of general stations; month set to NA if station completeness < threshold"
"2021-12",45.4666666666667,59.0666666666667,23.8,39.1333333333333,1,1,1,1,"EPD_GENERAL_STATIONS","general_unweighted_mean","ug_m3","Official EPD EPIC monthly averages; unweighted mean of general stations; month set to NA if station completeness < threshold"
"2022-01",40.2,57.6666666666667,23.3333333333333,34.1333333333333,1,1,1,1,"EPD_GENERAL_STATIONS","general_unweighted_mean","ug_m3","Official EPD EPIC monthly averages; unweighted mean of general stations; month set to NA if station completeness < threshold"
"2022-02",30.4666666666667,49.2,12.9333333333333,19.3333333333333,1,1,1,1,"EPD_GENERAL_STATIONS","general_unweighted_mean","ug_m3","Official EPD EPIC monthly averages; unweighted mean of general stations; month set to NA if station completeness < threshold"
"2022-03",34.4666666666667,62.4,15.7333333333333,25.3333333333333,1,1,1,1,"EPD_GENERAL_STATIONS","general_unweighted_mean","ug_m3","Official EPD EPIC monthly averages; unweighted mean of general stations; month set to NA if station completeness < threshold"
"2022-04",30.8666666666667,65.8666666666667,13.8666666666667,25.2,1,1,1,1,"EPD_GENERAL_STATIONS","general_unweighted_mean","ug_m3","Official EPD EPIC monthly averages; unweighted mean of general stations; month set to NA if station completeness < threshold"
"2022-05",28.5333333333333,63.1333333333333,10.2,17.5333333333333,1,1,1,1,"EPD_GENERAL_STATIONS","general_unweighted_mean","ug_m3","Official EPD EPIC monthly averages; unweighted mean of general stations; month set to NA if station completeness < threshold"
"2022-06",25.7333333333333,29.0666666666667,6.33333333333333,12.8,1,1,1,1,"EPD_GENERAL_STATIONS","general_unweighted_mean","ug_m3","Official EPD EPIC monthly averages; unweighted mean of general stations; month set to NA if station completeness < threshold"
"2022-07",25.8666666666667,42.4,8.86666666666667,15.8,1,1,1,1,"EPD_GENERAL_STATIONS","general_unweighted_mean","ug_m3","Official EPD EPIC monthly averages; unweighted mean of general stations; month set to NA if station completeness < threshold"
"2022-08",27.4666666666667,40.4666666666667,7.93333333333333,14.4,1,1,1,1,"EPD_GENERAL_STATIONS","general_unweighted_mean","ug_m3","Official EPD EPIC monthly averages; unweighted mean of general stations; month set to NA if station completeness < threshold"
"2022-09",35.2666666666667,105.333333333333,22.3333333333333,36,1,1,1,1,"EPD_GENERAL_STATIONS","general_unweighted_mean","ug_m3","Official EPD EPIC monthly averages; unweighted mean of general stations; month set to NA if station completeness < threshold"
"2022-10",28.5333333333333,85.0666666666667,15,30.1333333333333,1,1,1,1,"EPD_GENERAL_STATIONS","general_unweighted_mean","ug_m3","Official EPD EPIC monthly averages; unweighted mean of general stations; month set to NA if station completeness < threshold"
"2022-11",30.2,56.9333333333333,12.8,20.4,1,1,1,1,"EPD_GENERAL_STATIONS","general_unweighted_mean","ug_m3","Official EPD EPIC monthly averages; unweighted mean of general stations; month set to NA if station completeness < threshold"
"2022-12",39.2,46.4,18.8,30.3333333333333,1,1,1,1,"EPD_GENERAL_STATIONS","general_unweighted_mean","ug_m3","Official EPD EPIC monthly averages; unweighted mean of general stations; month set to NA if station completeness < threshold"
"2023-01",33.6,51.6666666666667,20.7333333333333,32.8,1,1,1,1,"EPD_GENERAL_STATIONS","general_unweighted_mean","ug_m3","Official EPD EPIC monthly averages; unweighted mean of general stations; month set to NA if station completeness < threshold"
"2023-02",34.6666666666667,68.4666666666667,17.8,30.2,1,1,1,1,"EPD_GENERAL_STATIONS","general_unweighted_mean","ug_m3","Official EPD EPIC monthly averages; unweighted mean of general stations; month set to NA if station completeness < threshold"
"2023-03",36.8666666666667,74.9333333333333,18.6666666666667,32.7333333333333,1,1,1,1,"EPD_GENERAL_STATIONS","general_unweighted_mean","ug_m3","Official EPD EPIC monthly averages; unweighted mean of general stations; month set to NA if station completeness < threshold"
"2023-04",31.7333333333333,69.7333333333333,16.2,28.8,1,1,1,1,"EPD_GENERAL_STATIONS","general_unweighted_mean","ug_m3","Official EPD EPIC monthly averages; unweighted mean of general stations; month set to NA if station completeness < threshold"
"2023-05",30.2666666666667,63.6666666666667,15.1333333333333,26.1333333333333,1,1,1,1,"EPD_GENERAL_STATIONS","general_unweighted_mean","ug_m3","Official EPD EPIC monthly averages; unweighted mean of general stations; month set to NA if station completeness < threshold"
"2023-06",27.6,38.8,7.26666666666667,12.3333333333333,1,1,1,1,"EPD_GENERAL_STATIONS","general_unweighted_mean","ug_m3","Official EPD EPIC monthly averages; unweighted mean of general stations; month set to NA if station completeness < threshold"
"2023-07",25.7333333333333,38.4666666666667,7.4,13.2,1,1,1,1,"EPD_GENERAL_STATIONS","general_unweighted_mean","ug_m3","Official EPD EPIC monthly averages; unweighted mean of general stations; month set to NA if station completeness < threshold"
"2023-08",30,36.5333333333333,8.73333333333333,14.8,1,1,1,1,"EPD_GENERAL_STATIONS","general_unweighted_mean","ug_m3","Official EPD EPIC monthly averages; unweighted mean of general stations; month set to NA if station completeness < threshold"
"2023-09",27.4,48.3333333333333,8.93333333333333,14.2,1,1,1,1,"EPD_GENERAL_STATIONS","general_unweighted_mean","ug_m3","Official EPD EPIC monthly averages; unweighted mean of general stations; month set to NA if station completeness < threshold"
"2023-10",28.1333333333333,77.6,15.3333333333333,24.4,1,1,1,1,"EPD_GENERAL_STATIONS","general_unweighted_mean","ug_m3","Official EPD EPIC monthly averages; unweighted mean of general stations; month set to NA if station completeness < threshold"
"2023-11",35.6,76.5333333333333,17.6,32.9333333333333,1,1,1,1,"EPD_GENERAL_STATIONS","general_unweighted_mean","ug_m3","Official EPD EPIC monthly averages; unweighted mean of general stations; month set to NA if station completeness < threshold"
"2023-12",43.4,55,20.9333333333333,34,1,1,1,1,"EPD_GENERAL_STATIONS","general_unweighted_mean","ug_m3","Official EPD EPIC monthly averages; unweighted mean of general stations; month set to NA if station completeness < threshold"
